Workbook

Sheet MAIO
A1: CRE | C1: NOME FANTASIA | D1: MANTENEDORA | E1: ENDEREÇO | F1: BAIRRO | G1: META | H1: FAIXA ETÁRIA | I1: BI | K1: B II | M1: M I | O1: M II | Q1: TOTAL ALUNOS | R1: TOTAL INCLUÍDOS | S1: REDUÇÃO DE VAGAS POR INCLUÍDOS EM BERÇÁRIO | T1: REDUÇÃO DE VAGAS POR INCLUÍDOS EM MATERNAL | U1: VAGAS | V1: EXCENDENTE | W1: OBS
I2: Alunos | J2: Incluídos | K2: Alunos | L2: Incluídos | M2: Alunos | N2: Incluídos | O2: Alunos | P2: Incluídos
A4: 1ª | B4: 1 | C4: Casa Maternal Coração De Mãe | D4: Instituto Missionário Comunhão E Participação | E4: Rua Conceição, Nº 01 | F4: Rio Comprido | G4: 40 | H4: 2 anos | M4: 20 | O4: 19 | P4: 1 | Q4: =SUM(I4,K4,M4,O4) -> 39 | R4: =SUM(J4,L4,N4,P4) -> 1 | S4: =IF((J4+L4)>=1,2,0) -> 0 | T4: =IF((N4+P4)>=1,2,0) -> 2 | U4: =SUM(G4-Q4-((S4*1)+(T4*1))) -> -1 | V4: =IF(U4<0,U4,0) -> -1
B5: 2 | C5: Creche Cantinho Feliz De Santa Teresa | D5: Instituto Trilho | E5: Rua Almirante Alexandrina, 2495 | F5: Santa Teresa | G5: 50 | H5: 2 anos | M5: 24 | O5: 25 | Q5: =SUM(I5,K5,M5,O5) -> 49 | R5: =SUM(J5,L5,N5,P5) -> 0 | S5: =IF((J5+L5)>=1,2,0) -> 0 | T5: =IF((N5+P5)>=1,2,0) -> 0 | U5: =SUM(G5-Q5-((S5*1)+(T5*1))) -> 1 | V5: =IF(U5<0,U5,0) -> 0
B6: 3 | C6: Creche Tuiuti | D6: Núcleo De Ação Comunitária E Desenvolvimento Social - Nacodes | E6: Rua São Luiz Gonzaga, Nº 1612-Fundos | F6: Benfica | G6: 147 | H6: 1 ano | K6: 44 | M6: 57 | O6: 46 | Q6: =SUM(I6,K6,M6,O6) -> 147 | R6: =SUM(J6,L6,N6,P6) -> 0 | S6: =IF((J6+L6)>=1,2,0) -> 0 | T6: =IF((N6+P6)>=1,2,0) -> 0 | U6: =SUM(G6-Q6-((S6*1)+(T6*1))) -> 0 | V6: =IF(U6<0,U6,0) -> 0
B7: 4 | C7: Educandário N. Srª De Nazaré | D7: Congregação Das Pequenas Irmãs Da Divina Providência | E7: Rua Doutor Agra, Nº 115 | F7: Catumbi | G7: 30 | M7: 15 | N7: 2 | O7: 14 | Q7: =SUM(I7,K7,M7,O7) -> 29 | R7: =SUM(J7,L7,N7,P7) -> 2 | S7: =IF((J7+L7)>=1,2,0) -> 0 | T7: =IF((N7+P7)>=1,2,0) -> 2 | U7: =SUM(G7-Q7-((S7*1)+(T7*1))) -> -1 | V7: =IF(U7<0,U7,0) -> -1
B8: 5 | C8: Creche Comunitária Preventório Rainha Dona Amélia | E8: Rua Cerqueira, 16 | F8: Paquetá | G8: 45 | H8: 2 anos | M8: 11 | O8: 13 | Q8: =SUM(I8,K8,M8,O8) -> 24 | R8: =SUM(J8,L8,N8,P8) -> 0 | S8: =IF((J8+L8)>=1,2,0) -> 0 | T8: =IF((N8+P8)>=1,2,0) -> 0 | U8: =SUM(G8-Q8-((S8*1)+(T8*1))) -> 21 | V8: =IF(U8<0,U8,0) -> 0 | W8: 3º chamamento
A10: 2ª | B10: 1 | C10: Abrigo Teresa De Jesus | D10: Abrigo Teresa De Jesus | E10: Rua Ibituruna, 53 | F10: Tijuca | G10: 96 | H10: 6 meses | M10: 45 | N10: 1 | O10: 47 | P10: 3 | Q10: =SUM(I10,K10,M10,O10) -> 92 | R10: =SUM(J10,L10,N10,P10) -> 4 | S10: =IF((J10+L10)>=1,2,0) -> 0 | T10: =IF((N10+P10)>=1,2,0) -> 2 | U10: =SUM(G10-Q10-((S10*1)+(T10*1))) -> 2 | V10: =IF(U10<0,U10,0) -> 0
B11: 2 | C11: Ação Social Padre Anchieta - Aspa | D11: Ação Social Padre Anchieta - Aspa | E11: Travessa Luz, 13 | F11: Rocinha | G11: 179 | H11: 6 meses | I11: 23 | J11: 1 | K11: 24 | M11: 64 | O11: 66 | P11: 1 | Q11: =SUM(I11,K11,M11,O11) -> 177 | R11: =SUM(J11,L11,N11,P11) -> 2 | S11: =IF((J11+L11)>=1,2,0) -> 2 | T11: =IF((N11+P11)>=1,2,0) -> 2 | U11: =SUM(G11-Q11-((S11*1)+(T11*1))) -> -2 | V11: =IF(U11<0,U11,0) -> -2
B12: 3 | C12: Casa Da Criança | D12: Casa Da Criança | E12: Rua Fernandes Guimarães, 85 | F12: Botafogo | G12: 192 | H12: 6 meses | I12: 27 | K12: 23 | M12: 68 | O12: 68 | Q12: =SUM(I12,K12,M12,O12) -> 186 | R12: =SUM(J12,L12,N12,P12) -> 0 | S12: =IF((J12+L12)>=1,2,0) -> 0 | T12: =IF((N12+P12)>=1,2,0) -> 0 | U12: =SUM(G12-Q12-((S12*1)+(T12*1))) -> 6 | V12: =IF(U12<0,U12,0) -> 0
B13: 4 | C13: Casa Espírita Cristã Maria De Nazaré | D13: Casa Espírita Cristã Maria De Nazaré | E13: Estr. Da Gávea, 262, Quarteirão 21, R. Um S/Nº | F13: Rocinha | G13: 120 | H13: 0 ano | I13: 18 | K13: 21 | M13: 38 | O13: 40 | Q13: =SUM(I13,K13,M13,O13) -> 117 | R13: =SUM(J13,L13,N13,P13) -> 0 | S13: =IF((J13+L13)>=1,2,0) -> 0 | T13: =IF((N13+P13)>=1,2,0) -> 0 | U13: =SUM(G13-Q13-((S13*1)+(T13*1))) -> 3 | V13: =IF(U13<0,U13,0) -> 0
B14: 5 | C14: Casa Maternal Mello Mattos | D14: Associação Tutelar De Menores | E14: Rua Faro, 80 | F14: Jardim Botânico | G14: 140 | H14: 2 anos | I14: 9 | K14: 18 | M14: 42 | N14: 1 | O14: 33 | P14: 1 | Q14: =SUM(I14,K14,M14,O14) -> 102 | R14: =SUM(J14,L14,N14,P14) -> 2 | S14: =IF((J14+L14)>=1,2,0) -> 0 | T14: =IF((N14+P14)>=1,2,0) -> 2 | U14: =SUM(G14-Q14-((S14*1)+(T14*1))) -> 36 | V14: =IF(U14<0,U14,0) -> 0
B15: 6 | C15: Centro Comunitário Alegria Das Crianças | D15: Centro Comunitário Alegria Das Crianças | E15: Rua Dois, 431 | F15: Rocinha | G15: 72 | H15: 2 anos | M15: 32 | O15: 40 | Q15: =SUM(I15,K15,M15,O15) -> 72 | R15: =SUM(J15,L15,N15,P15) -> 0 | S15: =IF((J15+L15)>=1,2,0) -> 0 | T15: =IF((N15+P15)>=1,2,0) -> 0 | U15: =SUM(G15-Q15-((S15*1)+(T15*1))) -> 0 | V15: =IF(U15<0,U15,0) -> 0
B16: 7 | C16: Centro Comunitário Da Rua Um – União Faz A Força | D16: Centro Comunitário Da Rua Um – União Faz A Força | E16: Estr. Da Gávea, 259 - Parte | F16: Rocinha | G16: 140 | H16: 1 ano | I16: 9 | K16: 15 | M16: 46 | O16: 77 | Q16: =SUM(I16,K16,M16,O16) -> 147 | R16: =SUM(J16,L16,N16,P16) -> 0 | S16: =IF((J16+L16)>=1,2,0) -> 0 | T16: =IF((N16+P16)>=1,2,0) -> 0 | U16: =SUM(G16-Q16-((S16*1)+(T16*1))) -> -7 | V16: =IF(U16<0,U16,0) -> -7
B17: 8 | C17: Centro De Educação Infantil Cristo Redentor | D17: Associação Palotina | E17: Rua Indiana, 59 | F17: Cosme Velho | G17: 65 | H17: 2 anos | M17: 30 | O17: 32 | Q17: =SUM(I17,K17,M17,O17) -> 62 | R17: =SUM(J17,L17,N17,P17) -> 0 | S17: =IF((J17+L17)>=1,2,0) -> 0 | T17: =IF((N17+P17)>=1,2,0) -> 0 | U17: =SUM(G17-Q17-((S17*1)+(T17*1))) -> 3 | V17: =IF(U17<0,U17,0) -> 0
B18: 9 | C18: Centro Educacional Esperança | D18: Primeira Igreja Batista Do Alto Da Boa Vista | E18: Estrada Do Biguá, 336 | F18: Alto Da Boa Vista | G18: 60 | H18: 2 anos | M18: 26 | O18: 34 | Q18: =SUM(I18,K18,M18,O18) -> 60 | R18: =SUM(J18,L18,N18,P18) -> 0 | S18: =IF((J18+L18)>=1,2,0) -> 0 | T18: =IF((N18+P18)>=1,2,0) -> 0 | U18: =SUM(G18-Q18-((S18*1)+(T18*1))) -> 0 | V18: =IF(U18<0,U18,0) -> 0
B19: 10 | C19: Centro Social Da Mulher Uêga | D19: Centro Social Da Mulher Uêga | E19: Rua Esperança, 37 – 2º Andar | F19: Rocinha | G19: 100 | H19: 2 anos | M19: 41 | O19: 49 | Q19: =SUM(I19,K19,M19,O19) -> 90 | R19: =SUM(J19,L19,N19,P19) -> 0 | S19: =IF((J19+L19)>=1,2,0) -> 0 | T19: =IF((N19+P19)>=1,2,0) -> 0 | U19: =SUM(G19-Q19-((S19*1)+(T19*1))) -> 10 | V19: =IF(U19<0,U19,0) -> 0
B20: 11 | C20: Centro Social E Aí Como É Que Fica? | D20: Centro Social E Aí Como É Que Fica? | E20: Estr. Da Gávea, 229 – Casa 1 | F20: Rocinha | G20: 65 | H20: 0 ano | I20: 10 | K20: 12 | M20: 22 | O20: 21 | Q20: =SUM(I20,K20,M20,O20) -> 65 | R20: =SUM(J20,L20,N20,P20) -> 0 | S20: =IF((J20+L20)>=1,2,0) -> 0 | T20: =IF((N20+P20)>=1,2,0) -> 0 | U20: =SUM(G20-Q20-((S20*1)+(T20*1))) -> 0 | V20: =IF(U20<0,U20,0) -> 0
B21: 12 | C21: Creche Berçário Maria Helena Da Rocinha | D21: Grupo Comunitário Creche Berçário Nova Jerusalém | E21: Trav. Esperança, 12 | F21: Rocinha | G21: 75 | H21: 1 ano | I21: 6 | K21: 21 | M21: 23 | O21: 25 | Q21: =SUM(I21,K21,M21,O21) -> 75 | R21: =SUM(J21,L21,N21,P21) -> 0 | S21: =IF((J21+L21)>=1,2,0) -> 0 | T21: =IF((N21+P21)>=1,2,0) -> 0 | U21: =SUM(G21-Q21-((S21*1)+(T21*1))) -> 0 | V21: =IF(U21<0,U21,0) -> 0
B22: 13 | C22: Creche Bezerra De Menezes | D22: Centro Espírita Cristófilos | E22: Rua Martins Ferreira, 57 | F22: Botafogo | G22: 50 | H22: 6 meses | I22: 3 | K22: 8 | M22: 16 | O22: 20 | Q22: =SUM(I22,K22,M22,O22) -> 47 | R22: =SUM(J22,L22,N22,P22) -> 0 | S22: =IF((J22+L22)>=1,2,0) -> 0 | T22: =IF((N22+P22)>=1,2,0) -> 0 | U22: =SUM(G22-Q22-((S22*1)+(T22*1))) -> 3 | V22: =IF(U22<0,U22,0) -> 0
B23: 14 | C23: Creche Casa Do Pobre De Nossa Senhora De Copacabana | D23: Creche Casa Do Pobre De Nossa Senhora De Copacabana | E23: Rua Hilário De Gouvea, 36 - 4º Andar | F23: Copacabana | G23: 79 | H23: 2 anos | M23: 40 | O23: 41 | Q23: =SUM(I23,K23,M23,O23) -> 81 | R23: =SUM(J23,L23,N23,P23) -> 0 | S23: =IF((J23+L23)>=1,2,0) -> 0 | T23: =IF((N23+P23)>=1,2,0) -> 0 | U23: =SUM(G23-Q23-((S23*1)+(T23*1))) -> -2 | V23: =IF(U23<0,U23,0) -> -2
B24: 15 | C24: Creche Casa Santa Marta | D24: Associação Dos Antigos Alunos Dos Padres Jesuítas (Asia) | E24: Rua Marechal Francisco De Moura, 234 | F24: Botafogo | G24: 96 | H24: 6 meses | I24: 18 | K24: 36 | M24: 20 | O24: 20 | Q24: =SUM(I24,K24,M24,O24) -> 94 | R24: =SUM(J24,L24,N24,P24) -> 0 | S24: =IF((J24+L24)>=1,2,0) -> 0 | T24: =IF((N24+P24)>=1,2,0) -> 0 | U24: =SUM(G24-Q24-((S24*1)+(T24*1))) -> 2 | V24: =IF(U24<0,U24,0) -> 0
B25: 16 | C25: Creche Chácara Do Céu | D25: Ação Comunitária Pró-Favela Dr. Marcello Cândia | E25: Estr. Da Independência, 161 | F25: Borel | G25: 60 | H25: 6 meses | K25: 15 | M25: 22 | O25: 23 | P25: 1 | Q25: =SUM(I25,K25,M25,O25) -> 60 | R25: =SUM(J25,L25,N25,P25) -> 1 | S25: =IF((J25+L25)>=1,2,0) -> 0 | T25: =IF((N25+P25)>=1,2,0) -> 2 | U25: =SUM(G25-Q25-((S25*1)+(T25*1))) -> -2 | V25: =IF(U25<0,U25,0) -> -2
B26: 17 | C26: Creche Chapeuzinho Marrom | D26: Mitra Arquiepiscopal Do Rio De Janeiro | E26: Rua Joaquim Pizarro, 63 | F26: Turano/Rio Comprido | G26: 42 | H26: 2 anos | M26: 17 | O26: 25 | Q26: =SUM(I26,K26,M26,O26) -> 42 | R26: =SUM(J26,L26,N26,P26) -> 0 | S26: =IF((J26+L26)>=1,2,0) -> 0 | T26: =IF((N26+P26)>=1,2,0) -> 0 | U26: =SUM(G26-Q26-((S26*1)+(T26*1))) -> 0 | V26: =IF(U26<0,U26,0) -> 0
B27: 18 | C27: Creche Comunitária Cantinho Da Natureza | D27: Obra Social Da Paróquia Santa Cruz De Copacabana | E27: Rua Euclides Da Rocha, 370 | F27: Copacabana | G27: 150 | H27: 6 meses | I27: 19 | K27: 39 | M27: 46 | N27: 2 | O27: 39 | P27: 1 | Q27: =SUM(I27,K27,M27,O27) -> 143 | R27: =SUM(J27,L27,N27,P27) -> 3 | S27: =IF((J27+L27)>=1,2,0) -> 0 | T27: =IF((N27+P27)>=1,2,0) -> 2 | U27: =SUM(G27-Q27-((S27*1)+(T27*1))) -> 5 | V27: =IF(U27<0,U27,0) -> 0
B28: 19 | C28: Creche Escadinha Do Saber | D28: Associação De Moradores Do Tijuaçu - Amoti | E28: Estr. Do Tijuaçu, 32 | F28: Alto Da Boa Vista | G28: 45 | H28: 2 anos | M28: 15 | N28: 1 | O28: 13 | P28: 1 | Q28: =SUM(I28,K28,M28,O28) -> 28 | R28: =SUM(J28,L28,N28,P28) -> 2 | S28: =IF((J28+L28)>=1,2,0) -> 0 | T28: =IF((N28+P28)>=1,2,0) -> 2 | U28: =SUM(G28-Q28-((S28*1)+(T28*1))) -> 15 | V28: =IF(U28<0,U28,0) -> 0
B29: 20 | C29: Creche Escola Meninos De Luz | D29: Lar Paulo De Tarso | E29: Rua Saint Romain, 142 | F29: Copacabana | G29: 88 | H29: 0 ano | I29: 12 | K29: 32 | M29: 22 | O29: 22 | P29: 1 | Q29: =SUM(I29,K29,M29,O29) -> 88 | R29: =SUM(J29,L29,N29,P29) -> 1 | S29: =IF((J29+L29)>=1,2,0) -> 0 | T29: =IF((N29+P29)>=1,2,0) -> 2 | U29: =SUM(G29-Q29-((S29*1)+(T29*1))) -> -2 | V29: =IF(U29<0,U29,0) -> -2
B30: 21 | C30: Creche Espaço Semente | D30: Jovens Com Uma Missão – Jocum Borel | E30: Travessa São Luiz, 99 | F30: Borel/Tijuca | G30: 80 | H30: 2 anos | M30: 37 | O30: 43 | Q30: =SUM(I30,K30,M30,O30) -> 80 | R30: =SUM(J30,L30,N30,P30) -> 0 | S30: =IF((J30+L30)>=1,2,0) -> 0 | T30: =IF((N30+P30)>=1,2,0) -> 0 | U30: =SUM(G30-Q30-((S30*1)+(T30*1))) -> 0 | V30: =IF(U30<0,U30,0) -> 0
B31: 22 | C31: Creche Esperança | D31: Sasp – Serviço De Assistência Social Pentecostal | E31: Rua Adalberto Ferreira, 35 | F31: Leblon | G31: 100 | H31: 6 meses | I31: 12 | J31: 1 | K31: 30 | M31: 28 | N31: 2 | O31: 33 | P31: 1 | Q31: =SUM(I31,K31,M31,O31) -> 103 | R31: =SUM(J31,L31,N31,P31) -> 4 | S31: =IF((J31+L31)>=1,2,0) -> 2 | T31: =IF((N31+P31)>=1,2,0) -> 2 | U31: =SUM(G31-Q31-((S31*1)+(T31*1))) -> -7 | V31: =IF(U31<0,U31,0) -> -7
B32: 23 | C32: Creche Maria Maria | D32: Grupo Comunitário Maria Maria Da Rocinha | E32: Estr. Da Gávea, 259, R. Um Casa 52 | F32: Rocinha | G32: 72 | H32: 6 meses | I32: 8 | K32: 18 | M32: 23 | O32: 23 | Q32: =SUM(I32,K32,M32,O32) -> 72 | R32: =SUM(J32,L32,N32,P32) -> 0 | S32: =IF((J32+L32)>=1,2,0) -> 0 | T32: =IF((N32+P32)>=1,2,0) -> 0 | U32: =SUM(G32-Q32-((S32*1)+(T32*1))) -> 0 | V32: =IF(U32<0,U32,0) -> 0
B33: 24 | C33: Creche Monsenhor Franca | D33: Instituto Missionário Comunhão E Participação | E33: Rua Tavares Bastos, 296 | F33: Catete | G33: 50 | H33: 2 anos | M33: 25 | O33: 25 | Q33: =SUM(I33,K33,M33,O33) -> 50 | R33: =SUM(J33,L33,N33,P33) -> 0 | S33: =IF((J33+L33)>=1,2,0) -> 0 | T33: =IF((N33+P33)>=1,2,0) -> 0 | U33: =SUM(G33-Q33-((S33*1)+(T33*1))) -> 0 | V33: =IF(U33<0,U33,0) -> 0
B34: 25 | C34: Creche Patinho Feliz | D34: Inatos – Instituto Nacional De Assis. Trabalho, Oportunidades E Saúde | E34: Rua Armando De Albuquerque, 168 | F34: Vila Isabel | G34: 170 | H34: 1 ano | K34: 58 | M34: 63 | N34: 1 | O34: 49 | P34: 1 | Q34: =SUM(I34,K34,M34,O34) -> 170 | R34: =SUM(J34,L34,N34,P34) -> 2 | S34: =IF((J34+L34)>=1,2,0) -> 0 | T34: =IF((N34+P34)>=1,2,0) -> 2 | U34: =SUM(G34-Q34-((S34*1)+(T34*1))) -> -2 | V34: =IF(U34<0,U34,0) -> -2
B35: 26 | C35: Creche Pré-Escola Comunitária Do 199 Pingo De Gente | D35: Creche Pré-Escola Comunitária Do 199 Pingo De Gente | E35: Estr. Da Gávea, 199-Beco 1/5/65 Casa 34 | F35: Rocinha | G35: 50 | H35: 2 anos | M35: 15 | O35: 35 | Q35: =SUM(I35,K35,M35,O35) -> 50 | R35: =SUM(J35,L35,N35,P35) -> 0 | S35: =IF((J35+L35)>=1,2,0) -> 0 | T35: =IF((N35+P35)>=1,2,0) -> 0 | U35: =SUM(G35-Q35-((S35*1)+(T35*1))) -> 0 | V35: =IF(U35<0,U35,0) -> 0
B36: 27 | C36: Creche Pré-Escola Comunitária Dois Irmãos | D36: Creche Pré-Escola Comunitária Dois Irmãos | E36: Est. Da Gávea, 325 – Beco 1-Casa 30 | F36: Rocinha | G36: 75 | H36: 1 ano | K36: 17 | M36: 24 | O36: 32 | Q36: =SUM(I36,K36,M36,O36) -> 73 | R36: =SUM(J36,L36,N36,P36) -> 0 | S36: =IF((J36+L36)>=1,2,0) -> 0 | T36: =IF((N36+P36)>=1,2,0) -> 0 | U36: =SUM(G36-Q36-((S36*1)+(T36*1))) -> 2 | V36: =IF(U36<0,U36,0) -> 0
B37: 28 | C37: Creche Sant’Anna | D37: Obra Social Cristo Redentor | E37: Rua Professor Luiz Cantanhede, 25 | F37: Laranjeiras | G37: 72 | H37: 2 anos | M37: 24 | O37: 48 | P37: 1 | Q37: =SUM(I37,K37,M37,O37) -> 72 | R37: =SUM(J37,L37,N37,P37) -> 1 | S37: =IF((J37+L37)>=1,2,0) -> 0 | T37: =IF((N37+P37)>=1,2,0) -> 2 | U37: =SUM(G37-Q37-((S37*1)+(T37*1))) -> -2 | V37: =IF(U37<0,U37,0) -> -2
B38: 29 | C38: Creche Santa Clara | D38: Casa De São Francisco De Assis | E38: Rua Alice, 308 | F38: Laranjeiras | G38: 40 | H38: 2 anos | M38: 19 | N38: 1 | O38: 19 | P38: 1 | Q38: =SUM(I38,K38,M38,O38) -> 38 | R38: =SUM(J38,L38,N38,P38) -> 2 | S38: =IF((J38+L38)>=1,2,0) -> 0 | T38: =IF((N38+P38)>=1,2,0) -> 2 | U38: =SUM(G38-Q38-((S38*1)+(T38*1))) -> 0 | V38: =IF(U38<0,U38,0) -> 0
B39: 30 | C39: Creche Santa Clara De Assis Na Providência De Deus | D39: Instituto Missionário Comunhão E Participação | E39: Rua Benedito Calixto, 92/94 | F39: Vidigal | G39: 71 | H39: 1 ano | K39: 11 | M39: 36 | N39: 2 | O39: 24 | Q39: =SUM(I39,K39,M39,O39) -> 71 | R39: =SUM(J39,L39,N39,P39) -> 2 | S39: =IF((J39+L39)>=1,2,0) -> 0 | T39: =IF((N39+P39)>=1,2,0) -> 2 | U39: =SUM(G39-Q39-((S39*1)+(T39*1))) -> -2 | V39: =IF(U39<0,U39,0) -> -2
B40: 31 | C40: Creche Santa Mônica | D40: Ação Comunitária Pró-Favela Dr. Marcello Cândia | E40: Estr. Da Independência, 56 | F40: Borel / Tijuca | G40: 140 | H40: 6 meses | I40: 12 | K40: 45 | M40: 44 | N40: 1 | O40: 38 | P40: 1 | Q40: =SUM(I40,K40,M40,O40) -> 139 | R40: =SUM(J40,L40,N40,P40) -> 2 | S40: =IF((J40+L40)>=1,2,0) -> 0 | T40: =IF((N40+P40)>=1,2,0) -> 2 | U40: =SUM(G40-Q40-((S40*1)+(T40*1))) -> -1 | V40: =IF(U40<0,U40,0) -> -1
B41: 32 | C41: Creche São Cosme E São Damião | D41: Mitra Arquiepiscopal Do Rio De Janeiro | E41: Rua Leopoldo, 434 | F41: Andaraí | G41: 86 | H41: 2 anos | M41: 36 | N41: 3 | O41: 44 | P41: 1 | Q41: =SUM(I41,K41,M41,O41) -> 80 | R41: =SUM(J41,L41,N41,P41) -> 4 | S41: =IF((J41+L41)>=1,2,0) -> 0 | T41: =IF((N41+P41)>=1,2,0) -> 2 | U41: =SUM(G41-Q41-((S41*1)+(T41*1))) -> 4 | V41: =IF(U41<0,U41,0) -> 0
B42: 33 | C42: CREI – Centro De Recuperação Infantil | D42: Crei – Centro De Recuperação Infantil | E42: Rua Joana Angélica, 203 | F42: Ipanema | G42: 50 | H42: 2 anos | M42: 10 | N42: 1 | O42: 37 | P42: 3 | Q42: =SUM(I42,K42,M42,O42) -> 47 | R42: =SUM(J42,L42,N42,P42) -> 4 | S42: =IF((J42+L42)>=1,2,0) -> 0 | T42: =IF((N42+P42)>=1,2,0) -> 2 | U42: =SUM(G42-Q42-((S42*1)+(T42*1))) -> 1 | V42: =IF(U42<0,U42,0) -> 0
B43: 34 | C43: Cruzada Pela Infância Do Leme | D43: Cruzada Pela Infância Do Leme | E43: Rua Coelho Cintra, 380 | F43: Copacabana | G43: 60 | H43: 1 ano | K43: 22 | M43: 20 | O43: 18 | Q43: =SUM(I43,K43,M43,O43) -> 60 | R43: =SUM(J43,L43,N43,P43) -> 0 | S43: =IF((J43+L43)>=1,2,0) -> 0 | T43: =IF((N43+P43)>=1,2,0) -> 0 | U43: =SUM(G43-Q43-((S43*1)+(T43*1))) -> 0 | V43: =IF(U43<0,U43,0) -> 0
B44: 35 | C44: Dispensário Santa Terezinha Do Menino Jesus Da Gávea | D44: Dispensário Santa Terezinha Do Menino Jesus Da Gávea | E44: Rua General Rabelo, 09 | F44: Gávea | G44: 140 | H44: 6 meses | K44: 44 | M44: 48 | N44: 1 | O44: 48 | P44: 1 | Q44: =SUM(I44,K44,M44,O44) -> 140 | R44: =SUM(J44,L44,N44,P44) -> 2 | S44: =IF((J44+L44)>=1,2,0) -> 0 | T44: =IF((N44+P44)>=1,2,0) -> 2 | U44: =SUM(G44-Q44-((S44*1)+(T44*1))) -> -2 | V44: =IF(U44<0,U44,0) -> -2
B45: 36 | C45: Educandário Casa De Jacira | D45: Casa De Jacira Auxílio À Infância | E45: Rua Aguiar, 72 | F45: Tijuca | G45: 24 | H45: 3 anos | O45: 24 | Q45: =SUM(I45,K45,M45,O45) -> 24 | R45: =SUM(J45,L45,N45,P45) -> 0 | S45: =IF((J45+L45)>=1,2,0) -> 0 | T45: =IF((N45+P45)>=1,2,0) -> 0 | U45: =SUM(G45-Q45-((S45*1)+(T45*1))) -> 0 | V45: =IF(U45<0,U45,0) -> 0
B46: 37 | C46: Escola Comunitária Do Cantagalo | D46: Escola Comunitária Do Cantagalo | E46: Rua Saint Romain, 200 | F46: Copacabana | G46: 72 | H46: 2 anos | M46: 24 | O46: 47 | P46: 1 | Q46: =SUM(I46,K46,M46,O46) -> 71 | R46: =SUM(J46,L46,N46,P46) -> 1 | S46: =IF((J46+L46)>=1,2,0) -> 0 | T46: =IF((N46+P46)>=1,2,0) -> 2 | U46: =SUM(G46-Q46-((S46*1)+(T46*1))) -> -1 | V46: =IF(U46<0,U46,0) -> -1
B47: 38 | C47: Fundação Casa Santa Ignez | D47: Fundação Casa Santa Ignez | E47: Rua Mary Pessoa, 91 | F47: Gávea | G47: 96 | H47: 2 anos | M47: 48 | N47: 4 | O47: 48 | P47: 1 | Q47: =SUM(I47,K47,M47,O47) -> 96 | R47: =SUM(J47,L47,N47,P47) -> 5 | S47: =IF((J47+L47)>=1,2,0) -> 0 | T47: =IF((N47+P47)>=1,2,0) -> 2 | U47: =SUM(G47-Q47-((S47*1)+(T47*1))) -> -2 | V47: =IF(U47<0,U47,0) -> -2
B48: 39 | C48: Grupo Comunitário Creche Escola Tia Maura | D48: Grupo Comunitário Creche Escola Tia Maura | E48: Estr. Das Canoas, 720 | F48: São Conrado | G48: 70 | H48: 1 ano | K48: 23 | M48: 22 | O48: 25 | Q48: =SUM(I48,K48,M48,O48) -> 70 | R48: =SUM(J48,L48,N48,P48) -> 0 | S48: =IF((J48+L48)>=1,2,0) -> 0 | T48: =IF((N48+P48)>=1,2,0) -> 0 | U48: =SUM(G48-Q48-((S48*1)+(T48*1))) -> 0 | V48: =IF(U48<0,U48,0) -> 0
B49: 40 | C49: Grupo Comunitário Morro Da Alegria | D49: Grupo Comunitário Morro Da Alegria | E49: Rua Um, 159 | F49: Rocinha | G49: 65 | H49: 6 meses | I49: 12 | K49: 18 | L49: 1 | M49: 15 | O49: 20 | Q49: =SUM(I49,K49,M49,O49) -> 65 | R49: =SUM(J49,L49,N49,P49) -> 1 | S49: =IF((J49+L49)>=1,2,0) -> 2 | T49: =IF((N49+P49)>=1,2,0) -> 0 | U49: =SUM(G49-Q49-((S49*1)+(T49*1))) -> -2 | V49: =IF(U49<0,U49,0) -> -2
B50: 41 | C50: Lar Cantinho Feliz | D50: Lar Cantinho Feliz | E50: Rua Torres Homem, 1024 | F50: Vila Isabel | G50: 110 | H50: 1 ano | K50: 23 | M50: 39 | N50: 1 | O50: 48 | P50: 1 | Q50: =SUM(I50,K50,M50,O50) -> 110 | R50: =SUM(J50,L50,N50,P50) -> 2 | S50: =IF((J50+L50)>=1,2,0) -> 0 | T50: =IF((N50+P50)>=1,2,0) -> 2 | U50: =SUM(G50-Q50-((S50*1)+(T50*1))) -> -2 | V50: =IF(U50<0,U50,0) -> -2
B51: 42 | C51: Obra Do Berço | D51: Obra Do Berço | E51: Rua Cícero De Góis Monteiro, 19 | F51: Lagoa | G51: 85 | H51: 6 meses | I51: 11 | K51: 31 | M51: 21 | N51: 1 | O51: 22 | Q51: =SUM(I51,K51,M51,O51) -> 85 | R51: =SUM(J51,L51,N51,P51) -> 1 | S51: =IF((J51+L51)>=1,2,0) -> 0 | T51: =IF((N51+P51)>=1,2,0) -> 2 | U51: =SUM(G51-Q51-((S51*1)+(T51*1))) -> -2 | V51: =IF(U51<0,U51,0) -> -2
B52: 43 | C52: Obras Sociais Unidas De Santa Marta | D52: Obras Sociais Unidas De Santa Marta | E52: Beco Do Jabuti, 09 - Morro Santa Marta | F52: Botafogo | G52: 60 | H52: 1 ano | K52: 17 | M52: 16 | O52: 16 | Q52: =SUM(I52,K52,M52,O52) -> 49 | R52: =SUM(J52,L52,N52,P52) -> 0 | S52: =IF((J52+L52)>=1,2,0) -> 0 | T52: =IF((N52+P52)>=1,2,0) -> 0 | U52: =SUM(G52-Q52-((S52*1)+(T52*1))) -> 11 | V52: =IF(U52<0,U52,0) -> 0
B53: 44 | C53: Obras Socias Padre Aleixo | D53: Mitra Arquiepiscopal Do Rio De Janeiro | E53: Rua Paulo Vi, 62 | F53: Flamengo | G53: 90 | H53: 1 ano | K53: 29 | M53: 29 | O53: 23 | Q53: =SUM(I53,K53,M53,O53) -> 81 | R53: =SUM(J53,L53,N53,P53) -> 0 | S53: =IF((J53+L53)>=1,2,0) -> 0 | T53: =IF((N53+P53)>=1,2,0) -> 0 | U53: =SUM(G53-Q53-((S53*1)+(T53*1))) -> 9 | V53: =IF(U53<0,U53,0) -> 0
B54: 45 | C54: Organização Creche Arte Tio João | D54: Organização Creche Arte Tio João | E54: Rua Dois, 55 | F54: Rocinha | G54: 147 | H54: 6 meses | I54: 24 | J54: 1 | K54: 50 | M54: 50 | N54: 1 | O54: 23 | Q54: =SUM(I54,K54,M54,O54) -> 147 | R54: =SUM(J54,L54,N54,P54) -> 2 | S54: =IF((J54+L54)>=1,2,0) -> 2 | T54: =IF((N54+P54)>=1,2,0) -> 2 | U54: =SUM(G54-Q54-((S54*1)+(T54*1))) -> -4 | V54: =IF(U54<0,U54,0) -> -4
B55: 46 | C55: Patronato Operário Da Gávea | D55: Patronato Operário Da Gávea | E55: Av. Lineu De Paula Machado, 795 | F55: Gávea | G55: 80 | H55: 2 anos | M55: 47 | O55: 32 | Q55: =SUM(I55,K55,M55,O55) -> 79 | R55: =SUM(J55,L55,N55,P55) -> 0 | S55: =IF((J55+L55)>=1,2,0) -> 0 | T55: =IF((N55+P55)>=1,2,0) -> 0 | U55: =SUM(G55-Q55-((S55*1)+(T55*1))) -> 1 | V55: =IF(U55<0,U55,0) -> 0
B56: 47 | C56: Sociedade Civil De Assistência A Menores-Casa Da Dinda | D56: Sociedade Civil De Assistência A Menores - Casa Da Dinda | E56: Rua Petrocochino, 74 | F56: Vila Isabel | G56: 45 | H56: 2 anos | K56: 11 | M56: 16 | O56: 17 | Q56: =SUM(I56,K56,M56,O56) -> 44 | R56: =SUM(J56,L56,N56,P56) -> 0 | S56: =IF((J56+L56)>=1,2,0) -> 0 | T56: =IF((N56+P56)>=1,2,0) -> 0 | U56: =SUM(G56-Q56-((S56*1)+(T56*1))) -> 1 | V56: 0
B57: 48 | C57: União De Mulheres Pró-Melhoramento Da Roupa Suja | D57: União De Mulheres Pró-Melhoramento Da Roupa Suja | E57: Rua Um, 325 | F57: Rocinha | G57: 75 | H57: 6 meses | I57: 10 | K57: 20 | M57: 17 | O57: 23 | Q57: =SUM(I57,K57,M57,O57) -> 70 | R57: =SUM(J57,L57,N57,P57) -> 0 | S57: =IF((J57+L57)>=1,2,0) -> 0 | T57: =IF((N57+P57)>=1,2,0) -> 0 | U57: =SUM(G57-Q57-((S57*1)+(T57*1))) -> 5 | V57: 0
B58: 49 | C58: Nasceer - Núcleo De Assistência Social Cultura Educacional Ecológico Da Rocinha | E58: Estrada Da Gávea, 436 Fundos | F58: Rocinha | G58: 22 | H58: 2 anos | M58: 6 | O58: 13 | Q58: =SUM(I58,K58,M58,O58) -> 19 | R58: =SUM(J58,L58,N58,P58) -> 0 | S58: =IF((J58+L58)>=1,2,0) -> 0 | T58: =IF((N58+P58)>=1,2,0) -> 0 | U58: =SUM(G58-Q58-((S58*1)+(T58*1))) -> 3 | V58: =IF(U58<0,U58,0) -> 0 | W58: 3º chamamento - META 22
A60: 3ª | B60: 1 | C60: Abrigo Maria Imaculada | D60: Instituto Protetor Dos Pobres E Crianças Abrigo Maria Imaculada | E60: Rua Ana Néri, 1422 | F60: Rocha | G60: 415 | H60: 1 ano | K60: 70 | M60: 175 | N60: 2 | O60: 165 | P60: 1 | Q60: =SUM(I60,K60,M60,O60) -> 410 | R60: =SUM(J60,L60,N60,P60) -> 3 | S60: =IF((J60+L60)>=1,2,0) -> 0 | T60: =IF((N60+P60)>=1,2,0) -> 2 | U60: =SUM(G60-Q60-((S60*1)+(T60*1))) -> 3 | V60: =IF(U60<0,U60,0) -> 0
B61: 2 | C61: Associação Presbiteriana Cuidando Do Amanhã - Apca | D61: Associação Presbiteriana Cuidando Do Amanhã - Apca | E61: Rua Vereador Iglesias, 25 | F61: Engenho De Dentro | G61: 82 | H61: 1 ano | K61: 12 | M61: 30 | O61: 38 | Q61: =SUM(I61,K61,M61,O61) -> 80 | R61: =SUM(J61,L61,N61,P61) -> 0 | S61: =IF((J61+L61)>=1,2,0) -> 0 | T61: =IF((N61+P61)>=1,2,0) -> 0 | U61: =SUM(G61-Q61-((S61*1)+(T61*1))) -> 2 | V61: =IF(U61<0,U61,0) -> 0
B62: 3 | C62: Casa De Leylá | D62: Cruzada Do Menor | E62: Rua Ana Neri, 2400 | F62: Sampaio | G62: 143 | H62: 2 anos | K62: 52 | M62: 43 | O62: 49 | P62: 1 | Q62: =SUM(I62,K62,M62,O62) -> 144 | R62: =SUM(J62,L62,N62,P62) -> 1 | S62: =IF((J62+L62)>=1,2,0) -> 0 | T62: =IF((N62+P62)>=1,2,0) -> 2 | U62: =SUM(G62-Q62-((S62*1)+(T62*1))) -> -3 | V62: =IF(U62<0,U62,0) -> -3
B63: 4 | C63: Casa São Roque | D63: Casa São Roque | E63: Rua Visconde De Tocantins, 34 | F63: Rocha | G63: 200 | H63: 2 anos | M63: 96 | N63: 2 | O63: 105 | Q63: =SUM(I63,K63,M63,O63) -> 201 | R63: =SUM(J63,L63,N63,P63) -> 2 | S63: =IF((J63+L63)>=1,2,0) -> 0 | T63: =IF((N63+P63)>=1,2,0) -> 2 | U63: =SUM(G63-Q63-((S63*1)+(T63*1))) -> -3 | V63: =IF(U63<0,U63,0) -> -3
B64: 5 | C64: Centro Comunitário Nossa Senhora Aparecida - Creche | D64: Mitra Arquiepiscopal Do Rio De Janeiro | E64: Rua Aristides Caire, 349 | F64: Cachambi | G64: 50 | H64: 2 anos | M64: 24 | O64: 25 | P64: 1 | Q64: =SUM(I64,K64,M64,O64) -> 49 | R64: =SUM(J64,L64,N64,P64) -> 1 | S64: =IF((J64+L64)>=1,2,0) -> 0 | T64: =IF((N64+P64)>=1,2,0) -> 2 | U64: =SUM(G64-Q64-((S64*1)+(T64*1))) -> -1 | V64: =IF(U64<0,U64,0) -> -1
B65: 6 | C65: Centro Cultural Educar – Unidade II | D65: Centro Cultural Educar | E65: Rua Divino Salvador, 349 | F65: Piedade | G65: 157 | H65: 2 anos | K65: 49 | M65: 51 | O65: 56 | Q65: =SUM(I65,K65,M65,O65) -> 156 | R65: =SUM(J65,L65,N65,P65) -> 0 | S65: =IF((J65+L65)>=1,2,0) -> 0 | T65: =IF((N65+P65)>=1,2,0) -> 0 | U65: =SUM(G65-Q65-((S65*1)+(T65*1))) -> 1 | V65: =IF(U65<0,U65,0) -> 0
B66: 7 | C66: Centro Educacional São Vicente De Paulo | D66: Casa Caritativa São Vicente De Paulo | E66: Rua Antônio Austregésilo, Nº 90 | F66: Inhaúma | G66: 67 | H66: 2 anos | M66: 37 | O66: 15 | Q66: =SUM(I66,K66,M66,O66) -> 52 | R66: =SUM(J66,L66,N66,P66) -> 0 | S66: =IF((J66+L66)>=1,2,0) -> 0 | T66: =IF((N66+P66)>=1,2,0) -> 0 | U66: =SUM(G66-Q66-((S66*1)+(T66*1))) -> 15 | V66: =IF(U66<0,U66,0) -> 0
B67: 8 | C67: Chalé Sementinha | D67: Associação Chalé Sementinhas | E67: Rua José Rubino, 82 E 88 | F67: Higienópolis | G67: 243 | H67: 2 anos | I67: 25 | K67: 75 | M67: 55 | O67: 86 | Q67: =SUM(I67,K67,M67,O67) -> 241 | R67: =SUM(J67,L67,N67,P67) -> 0 | S67: =IF((J67+L67)>=1,2,0) -> 0 | T67: =IF((N67+P67)>=1,2,0) -> 0 | U67: =SUM(G67-Q67-((S67*1)+(T67*1))) -> 2 | V67: =IF(U67<0,U67,0) -> 0
B68: 9 | C68: Colégio Ruth Sant’Anna/Jardim De Infância Ciranda Cirandinha | D68: Casa De Lázaro Educandário Social De Assistência E Amparo À Criança | E68: Rua Torres Sobrinho, 57 | F68: Méier | G68: 150 | H68: 2 anos | M68: 74 | N68: 1 | O68: 73 | P68: 1 | Q68: =SUM(I68,K68,M68,O68) -> 147 | R68: =SUM(J68,L68,N68,P68) -> 2 | S68: =IF((J68+L68)>=1,2,0) -> 0 | T68: =IF((N68+P68)>=1,2,0) -> 2 | U68: =SUM(G68-Q68-((S68*1)+(T68*1))) -> 1 | V68: =IF(U68<0,U68,0) -> 0
B69: 10 | C69: Centro Cultural Educar IV | D69: Centro Cultural Educar | E69: Rua Mossoró, 107 | F69: Méier | G69: 269 | H69: 1 ano | K69: 91 | M69: 70 | O69: 73 | Q69: =SUM(I69,K69,M69,O69) -> 234 | R69: =SUM(J69,L69,N69,P69) -> 0 | S69: =IF((J69+L69)>=1,2,0) -> 0 | T69: =IF((N69+P69)>=1,2,0) -> 0 | U69: =SUM(G69-Q69-((S69*1)+(T69*1))) -> 35 | V69: =IF(U69<0,U69,0) -> 0
B70: 11 | C70: Creche Brincando Com Juninho | D70: Associação De Pais Da Creche Tia Alice | E70: Rua Camarista Meier, 972 | F70: Engenho De Dentro | G70: 90 | K70: 30 | M70: 34 | O70: 26 | Q70: =SUM(I70,K70,M70,O70) -> 90 | R70: =SUM(J70,L70,N70,P70) -> 0 | S70: =IF((J70+L70)>=1,2,0) -> 0 | T70: =IF((N70+P70)>=1,2,0) -> 0 | U70: =SUM(G70-Q70-((S70*1)+(T70*1))) -> 0 | V70: =IF(U70<0,U70,0) -> 0
B71: 12 | C71: Creche Casa Viva | D71: Sociedade Espírita Caboclo Sete Flechas | E71: Av. Amaro Cavalcanti, 2171 | F71: Engenho De Dentro | G71: 85 | H71: 1 ano | K71: 14 | M71: 31 | O71: 38 | Q71: =SUM(I71,K71,M71,O71) -> 83 | R71: =SUM(J71,L71,N71,P71) -> 0 | S71: =IF((J71+L71)>=1,2,0) -> 0 | T71: =IF((N71+P71)>=1,2,0) -> 0 | U71: =SUM(G71-Q71-((S71*1)+(T71*1))) -> 2 | V71: =IF(U71<0,U71,0) -> 0
B72: 13 | C72: Creche Chameguinho | D72: Ação Comunitária Sal Da Terra | E72: Rua São Francisco De Assis, 15 | F72: Lins De Vasconcelos | G72: 65 | H72: 1 ano | K72: 18 | M72: 25 | O72: 22 | Q72: =SUM(I72,K72,M72,O72) -> 65 | R72: =SUM(J72,L72,N72,P72) -> 0 | S72: =IF((J72+L72)>=1,2,0) -> 0 | T72: =IF((N72+P72)>=1,2,0) -> 0 | U72: =SUM(G72-Q72-((S72*1)+(T72*1))) -> 0 | V72: =IF(U72<0,U72,0) -> 0
B73: 14 | C73: Creche Comunitária Eliana Saturnino Braga | D73: Associação De Moradores Do Morro Da Baiana | E73: Rua Vista Alegre, 17 | F73: Ramos | G73: 104 | H73: 2 anos | M73: 48 | O73: 52 | Q73: =SUM(I73,K73,M73,O73) -> 100 | R73: =SUM(J73,L73,N73,P73) -> 0 | S73: =IF((J73+L73)>=1,2,0) -> 0 | T73: =IF((N73+P73)>=1,2,0) -> 0 | U73: =SUM(G73-Q73-((S73*1)+(T73*1))) -> 4 | V73: =IF(U73<0,U73,0) -> 0
B74: 15 | C74: Creche Comunitária João Ferreira | D74: Associação Dos Moradores Do Morro Do Alemão | E74: Av. Central, 70 | F74: Ramos | G74: 80 | H74: 2 anos | M74: 41 | O74: 39 | Q74: =SUM(I74,K74,M74,O74) -> 80 | R74: =SUM(J74,L74,N74,P74) -> 0 | S74: =IF((J74+L74)>=1,2,0) -> 0 | T74: =IF((N74+P74)>=1,2,0) -> 0 | U74: =SUM(G74-Q74-((S74*1)+(T74*1))) -> 0 | V74: =IF(U74<0,U74,0) -> 0
B75: 16 | C75: Creche Comunitária Tia Alice | D75: Associação De Pais Da Creche Comunitária Tia Alice | E75: Rua Camboriú, 205 - Fundos | F75: Jacaré | G75: 180 | H75: 1 ano | K75: 49 | M75: 59 | O75: 70 | Q75: =SUM(I75,K75,M75,O75) -> 178 | R75: =SUM(J75,L75,N75,P75) -> 0 | S75: =IF((J75+L75)>=1,2,0) -> 0 | T75: =IF((N75+P75)>=1,2,0) -> 0 | U75: =SUM(G75-Q75-((S75*1)+(T75*1))) -> 2 | V75: =IF(U75<0,U75,0) -> 0
B76: 17 | C76: Creche Do Centro Pastoral Social Padre Justino Russolillo | D76: Mitra Arquiepiscopal Do Rio De Janeiro | E76: Rua Valmir, S/Nº | F76: Ramos | G76: 60 | H76: 2 anos | M76: 25 | O76: 29 | Q76: =SUM(I76,K76,M76,O76) -> 54 | R76: =SUM(J76,L76,N76,P76) -> 0 | S76: =IF((J76+L76)>=1,2,0) -> 0 | T76: =IF((N76+P76)>=1,2,0) -> 0 | U76: =SUM(G76-Q76-((S76*1)+(T76*1))) -> 6 | V76: =IF(U76<0,U76,0) -> 0
B77: 18 | C77: Creche Do Jacarezinho | D77: Núcleo De Ação Comunitária E Desenvolvimento Social - Nacodes | E77: Rua Miguel Angelo, 541 | F77: Cachambi | G77: 231 | H77: 1 ano | K77: 69 | M77: 80 | O77: 81 | Q77: =SUM(I77,K77,M77,O77) -> 230 | R77: =SUM(J77,L77,N77,P77) -> 0 | S77: =IF((J77+L77)>=1,2,0) -> 0 | T77: =IF((N77+P77)>=1,2,0) -> 0 | U77: =SUM(G77-Q77-((S77*1)+(T77*1))) -> 1 | V77: =IF(U77<0,U77,0) -> 0
B78: 19 | C78: Creche Escola Comunitária Mãe Social | D78: Creche Escola Comunitária Mãe Social | E78: Rua Canitar, 749 | F78: Inhaúma | G78: 76 | H78: 2 anos | M78: 26 | O78: 51 | Q78: =SUM(I78,K78,M78,O78) -> 77 | R78: =SUM(J78,L78,N78,P78) -> 0 | S78: =IF((J78+L78)>=1,2,0) -> 0 | T78: =IF((N78+P78)>=1,2,0) -> 0 | U78: =SUM(G78-Q78-((S78*1)+(T78*1))) -> -1 | V78: =IF(U78<0,U78,0) -> -1
B79: 20 | C79: Creche Mãe Do Divino Salvador | D79: Mitra Arquiepiscopal Do Rio De Janeiro | E79: Rua Divino Salvador, 223 | F79: Piedade | G79: 255 | H79: 2 anos | M79: 136 | O79: 119 | Q79: =SUM(I79,K79,M79,O79) -> 255 | R79: =SUM(J79,L79,N79,P79) -> 0 | S79: =IF((J79+L79)>=1,2,0) -> 0 | T79: =IF((N79+P79)>=1,2,0) -> 0 | U79: =SUM(G79-Q79-((S79*1)+(T79*1))) -> 0 | V79: =IF(U79<0,U79,0) -> 0
B80: 21 | C80: Creche Marietta Navarro Gaio | D80: Instituição Maria De Nazareth – Casa Da Mãe Pobre | E80: Rua Frei Pinto, 75 | F80: Rocha | G80: 75 | H80: 1 ano | K80: 16 | M80: 23 | O80: 36 | Q80: =SUM(I80,K80,M80,O80) -> 75 | R80: =SUM(J80,L80,N80,P80) -> 0 | S80: =IF((J80+L80)>=1,2,0) -> 0 | T80: =IF((N80+P80)>=1,2,0) -> 0 | U80: =SUM(G80-Q80-((S80*1)+(T80*1))) -> 0 | V80: =IF(U80<0,U80,0) -> 0
B81: 22 | C81: Creche Plantando O Amanhã | D81: Cruzada Do Menor | E81: Av. Martin Luther King Jr., 126 | F81: Del Castilho | G81: 180 | H81: 0 ano | K81: 39 | M81: 70 | N81: 4 | O81: 61 | P81: 4 | Q81: =SUM(I81,K81,M81,O81) -> 170 | R81: =SUM(J81,L81,N81,P81) -> 8 | S81: =IF((J81+L81)>=1,2,0) -> 0 | T81: =IF((N81+P81)>=1,2,0) -> 2 | U81: =SUM(G81-Q81-((S81*1)+(T81*1))) -> 8 | V81: =IF(U81<0,U81,0) -> 0
B82: 23 | C82: Creche Risco E Rabisco | D82: Centro Cultural Risco E Rabisco | E82: Rua Maria Benjamin, Nº 485 | F82: Pilares | G82: 70 | M82: 43 | O82: 27 | Q82: =SUM(I82,K82,M82,O82) -> 70 | R82: =SUM(J82,L82,N82,P82) -> 0 | S82: =IF((J82+L82)>=1,2,0) -> 0 | T82: =IF((N82+P82)>=1,2,0) -> 0 | U82: =SUM(G82-Q82-((S82*1)+(T82*1))) -> 0 | V82: =IF(U82<0,U82,0) -> 0
B83: 24 | C83: Creche São Pedro Nolasco | D83: Associação Beneficente Nossa Senhora Das Mercês | E83: Rua Itaquiri, 248 | F83: Ramos | G83: 100 | H83: 2 anos | K83: 30 | M83: 43 | O83: 26 | Q83: =SUM(I83,K83,M83,O83) -> 99 | R83: =SUM(J83,L83,N83,P83) -> 0 | S83: =IF((J83+L83)>=1,2,0) -> 0 | T83: =IF((N83+P83)>=1,2,0) -> 0 | U83: =SUM(G83-Q83-((S83*1)+(T83*1))) -> 1 | V83: =IF(U83<0,U83,0) -> 0
B84: 25 | C84: Creche Ternurinha | D84: Ação Comunitária Sal Da Terra | E84: Rua Da Colher, 01 | F84: Lins De Vasconcelos | G84: 45 | H84: 2 anos | M84: 15 | O84: 25 | Q84: =SUM(I84,K84,M84,O84) -> 40 | R84: =SUM(J84,L84,N84,P84) -> 0 | S84: =IF((J84+L84)>=1,2,0) -> 0 | T84: =IF((N84+P84)>=1,2,0) -> 0 | U84: =SUM(G84-Q84-((S84*1)+(T84*1))) -> 5 | V84: =IF(U84<0,U84,0) -> 0
B85: 26 | C85: Creche Tio Kito | D85: Associação De Pais Da Creche Tia Alice | E85: Av. Marechal Rondon, 264 | F85: São Francisco Xavier | G85: 80 | K85: 36 | M85: 20 | O85: 23 | Q85: =SUM(I85,K85,M85,O85) -> 79 | R85: =SUM(J85,L85,N85,P85) -> 0 | S85: =IF((J85+L85)>=1,2,0) -> 0 | T85: =IF((N85+P85)>=1,2,0) -> 0 | U85: =SUM(G85-Q85-((S85*1)+(T85*1))) -> 1 | V85: =IF(U85<0,U85,0) -> 0
B86: 27 | C86: Escola Comunitária Jardim Arco-Íris - Unidade I | D86: Escola Comunitária Jardim Arco-Íris | E86: Rua Vilela Tavares, 62 | F86: Lins De Vasconcelos | G86: 88 | M86: 43 | O86: 38 | Q86: =SUM(I86,K86,M86,O86) -> 81 | R86: =SUM(J86,L86,N86,P86) -> 0 | S86: =IF((J86+L86)>=1,2,0) -> 0 | T86: =IF((N86+P86)>=1,2,0) -> 0 | U86: =SUM(G86-Q86-((S86*1)+(T86*1))) -> 7 | V86: =IF(U86<0,U86,0) -> 0
B87: 28 | C87: Estrelinha Do Mar | D87: Centro Cultural Estrelinha Do Mar | E87: Rua Divino Salvador, 349 | F87: Piedade | G87: 100 | M87: 55 | O87: 42 | Q87: =SUM(I87,K87,M87,O87) -> 97 | R87: =SUM(J87,L87,N87,P87) -> 0 | S87: =IF((J87+L87)>=1,2,0) -> 0 | T87: =IF((N87+P87)>=1,2,0) -> 0 | U87: =SUM(G87-Q87-((S87*1)+(T87*1))) -> 3 | V87: =IF(U87<0,U87,0) -> 0
B88: 29 | C88: Fraternidade Assistencial Cristã | D88: Fraternidade Assistencial Cristã | E88: Rua Propícia, 245 | F88: Engenho Novo | G88: 47 | H88: 2 anos | M88: 22 | O88: 25 | Q88: =SUM(I88,K88,M88,O88) -> 47 | R88: =SUM(J88,L88,N88,P88) -> 0 | S88: =IF((J88+L88)>=1,2,0) -> 0 | T88: =IF((N88+P88)>=1,2,0) -> 0 | U88: =SUM(G88-Q88-((S88*1)+(T88*1))) -> 0 | V88: =IF(U88<0,U88,0) -> 0
B89: 30 | C89: Instituto Avante Elite Do Futuro | D89: Instituto Avante Elite Do Futuro | E89: Rua Edmundo, 97 | F89: Pilares | G89: 122 | H89: 0 ano | I89: 16 | K89: 29 | M89: 32 | O89: 45 | Q89: =SUM(I89,K89,M89,O89) -> 122 | R89: =SUM(J89,L89,N89,P89) -> 0 | S89: =IF((J89+L89)>=1,2,0) -> 0 | T89: =IF((N89+P89)>=1,2,0) -> 0 | U89: =SUM(G89-Q89-((S89*1)+(T89*1))) -> 0 | V89: =IF(U89<0,U89,0) -> 0
B90: 31 | C90: Instituto Educacional Crescendo E Aprendendo Algodão Doce | D90: Instituto Educacional Crescendo E Aprendendo - Ieca | E90: Estrada Do Itacaré, 480- Complemento Rua Nova, 66 | F90: Ramos | G90: 85 | H90: 1 ano | K90: 24 | M90: 24 | O90: 37 | Q90: =SUM(I90,K90,M90,O90) -> 85 | R90: =SUM(J90,L90,N90,P90) -> 0 | S90: =IF((J90+L90)>=1,2,0) -> 0 | T90: =IF((N90+P90)>=1,2,0) -> 0 | U90: =SUM(G90-Q90-((S90*1)+(T90*1))) -> 0 | V90: =IF(U90<0,U90,0) -> 0
B91: 32 | C91: Instituto Educacional T&P Conquista | D91: Instituto Educacional T&P Conquista | E91: Rua Vilela Tavares, 356 | F91: Lins De Vasconcelos | G91: 200 | K91: 80 | M91: 80 | O91: 40 | Q91: =SUM(I91,K91,M91,O91) -> 200 | R91: =SUM(J91,L91,N91,P91) -> 0 | S91: =IF((J91+L91)>=1,2,0) -> 0 | T91: =IF((N91+P91)>=1,2,0) -> 0 | U91: =SUM(G91-Q91-((S91*1)+(T91*1))) -> 0 | V91: =IF(U91<0,U91,0) -> 0
B92: 33 | C92: Lar Da Criança Jesus Bom Pastor | D92: Mitra Arquiepiscopal Do Rio De Janeiro | E92: Rua Da Igreja, 01 | F92: Inhaúma | G92: 125 | H92: 2 anos | M92: 46 | O92: 67 | P92: 3 | Q92: =SUM(I92,K92,M92,O92) -> 113 | R92: =SUM(J92,L92,N92,P92) -> 3 | S92: =IF((J92+L92)>=1,2,0) -> 0 | T92: =IF((N92+P92)>=1,2,0) -> 2 | U92: =SUM(G92-Q92-((S92*1)+(T92*1))) -> 10 | V92: =IF(U92<0,U92,0) -> 0
B93: 34 | C93: Lar De Maria Dolores | D93: Lar De Maria Dolores | E93: Rua Nazário, 42 | F93: Rocha | G93: 92 | H93: 2 anos | M93: 37 | N93: 2 | O93: 48 | P93: 1 | Q93: =SUM(I93,K93,M93,O93) -> 85 | R93: =SUM(J93,L93,N93,P93) -> 3 | S93: =IF((J93+L93)>=1,2,0) -> 0 | T93: =IF((N93+P93)>=1,2,0) -> 2 | U93: =SUM(G93-Q93-((S93*1)+(T93*1))) -> 5 | V93: =IF(U93<0,U93,0) -> 0
B94: 35 | C94: Núcleo Recreativo Raiozinho De Sol | D94: Venerável Irmandade De Pilares | E94: Av. Dom Helder Câmara, 6653 | F94: Pilares | G94: 34 | M94: 19 | O94: 14 | Q94: =SUM(I94,K94,M94,O94) -> 33 | R94: =SUM(J94,L94,N94,P94) -> 0 | S94: =IF((J94+L94)>=1,2,0) -> 0 | T94: =IF((N94+P94)>=1,2,0) -> 0 | U94: =SUM(G94-Q94-((S94*1)+(T94*1))) -> 1 | V94: =IF(U94<0,U94,0) -> 0
A96: 4ª | B96: 1 | C96: Associação Centro Educacional Rebral I | D96: Associação Centro Educacional Rebral | E96: Rua Ourique, 73 | F96: Penha | G96: 202 | H96: 1 ano | K96: 44 | M96: 81 | N96: 1 | O96: 68 | Q96: =SUM(I96,K96,M96,O96) -> 193 | R96: =SUM(J96,L96,N96,P96) -> 1 | S96: =IF((J96+L96)>=1,2,0) -> 0 | T96: =IF((N96+P96)>=1,2,0) -> 2 | U96: =SUM(G96-Q96-((S96*1)+(T96*1))) -> 7 | V96: =IF(U96<0,U96,0) -> 0
B97: 2 | C97: Associação Centro Educacional Rebral II | D97: Associação Centro Educacional Rebral | E97: Rua Flora Lobo, 64 | F97: Penha Circular | G97: 215 | H97: 1 ano | K97: 83 | M97: 59 | O97: 63 | Q97: =SUM(I97,K97,M97,O97) -> 205 | R97: =SUM(J97,L97,N97,P97) -> 0 | S97: =IF((J97+L97)>=1,2,0) -> 0 | T97: =IF((N97+P97)>=1,2,0) -> 0 | U97: =SUM(G97-Q97-((S97*1)+(T97*1))) -> 10 | V97: =IF(U97<0,U97,0) -> 0
B98: 3 | C98: Associação Centro Educacional Rebral IV | D98: Associação Centro Educacional Rebral | E98: Rua Xavier Pinheiro, 486 | F98: Vigário Geral | G98: 200 | H98: 1 ano | K98: 38 | M98: 72 | N98: 1 | O98: 73 | P98: 4 | Q98: =SUM(I98,K98,M98,O98) -> 183 | R98: =SUM(J98,L98,N98,P98) -> 5 | S98: =IF((J98+L98)>=1,2,0) -> 0 | T98: =IF((N98+P98)>=1,2,0) -> 2 | U98: =SUM(G98-Q98-((S98*1)+(T98*1))) -> 15 | V98: =IF(U98<0,U98,0) -> 0
B99: 4 | C99: Associação Centro Educacional Rebral V | D99: Associação Centro Educacional Rebral | E99: Rua Nair, 192 | F99: Olaria | G99: 110 | K99: 46 | L99: 1 | M99: 42 | O99: 17 | Q99: =SUM(I99,K99,M99,O99) -> 105 | R99: =SUM(J99,L99,N99,P99) -> 1 | S99: =IF((J99+L99)>=1,2,0) -> 2 | T99: =IF((N99+P99)>=1,2,0) -> 0 | U99: =SUM(G99-Q99-((S99*1)+(T99*1))) -> 3 | V99: =IF(U99<0,U99,0) -> 0
B100: 5 | C100: Associação Civil Centro Educacional Comunitário Estação Do Saber | D100: Associação Civil Centro Educacional Comunitário Estação Do Saber | E100: Rua Da Democracia, 31 | F100: Parada De Lucas | G100: 142 | H100: 1 ano | K100: 44 | M100: 48 | O100: 50 | Q100: =SUM(I100,K100,M100,O100) -> 142 | R100: =SUM(J100,L100,N100,P100) -> 0 | S100: =IF((J100+L100)>=1,2,0) -> 0 | T100: =IF((N100+P100)>=1,2,0) -> 0 | U100: =SUM(G100-Q100-((S100*1)+(T100*1))) -> 0 | V100: =IF(U100<0,U100,0) -> 0
B101: 6 | C101: Casa De Joel | D101: Centro Educacional Joel Mário | E101: Rua Antônio João, 1381 | F101: Cordovil | G101: 251 | H101: 1 ano | K101: 85 | M101: 82 | O101: 81 | Q101: =SUM(I101,K101,M101,O101) -> 248 | R101: =SUM(J101,L101,N101,P101) -> 0 | S101: =IF((J101+L101)>=1,2,0) -> 0 | T101: =IF((N101+P101)>=1,2,0) -> 0 | U101: =SUM(G101-Q101-((S101*1)+(T101*1))) -> 3 | V101: =IF(U101<0,U101,0) -> 0
B102: 7 | C102: Casa De Joel II | D102: Cejm - Centro Educacional Joel Mario | E102: Avenida Oliveira Belo, 754 | F102: Vila Da Penha | G102: 57 | H102: 1 ano | K102: 17 | M102: 24 | O102: 16 | Q102: =SUM(I102,K102,M102,O102) -> 57 | R102: =SUM(J102,L102,N102,P102) -> 0 | S102: =IF((J102+L102)>=1,2,0) -> 0 | T102: =IF((N102+P102)>=1,2,0) -> 0 | U102: =SUM(G102-Q102-((S102*1)+(T102*1))) -> 0 | V102: =IF(U102<0,U102,0) -> 0
B103: 8 | C103: Centro Cultural Educar I | D103: Centro Cultural Educar | E103: Rua Uranos, 529 | F103: Ramos | G103: 215 | H103: 1 ano | K103: 53 | M103: 94 | O103: 68 | P103: 1 | Q103: =SUM(I103,K103,M103,O103) -> 215 | R103: =SUM(J103,L103,N103,P103) -> 1 | S103: =IF((J103+L103)>=1,2,0) -> 0 | T103: =IF((N103+P103)>=1,2,0) -> 2 | U103: =SUM(G103-Q103-((S103*1)+(T103*1))) -> -2 | V103: =IF(U103<0,U103,0) -> -2
B104: 9 | C104: Centro Cultural Educar III | D104: Centro Cultural Educar | E104: Rua Nioac, 6 | F104: Maré/Bonsucesso | G104: 145 | H104: 1 ano | K104: 55 | M104: 30 | O104: 60 | Q104: =SUM(I104,K104,M104,O104) -> 145 | R104: =SUM(J104,L104,N104,P104) -> 0 | S104: =IF((J104+L104)>=1,2,0) -> 0 | T104: =IF((N104+P104)>=1,2,0) -> 0 | U104: =SUM(G104-Q104-((S104*1)+(T104*1))) -> 0 | V104: =IF(U104<0,U104,0) -> 0
...

Sheet QUADRO RESUMO
A1: ALUNOS MATRICULADOS
A2: CRE | B2: BI | C2: BII | D2: MI | E2: MII | F2: TOTAL CRE
A3: 1ª | B3: =SUM(MAIO!I4:I8) -> 0 | C3: =SUM(MAIO!K4:K8) -> 44 | D3: =SUM(MAIO!M4:M8) -> 127 | E3: =SUM(MAIO!O4:O8) -> 117 | F3: =SUM(B3:E3) -> 288
A4: 2ª | B4: =SUM(MAIO!I10:I58) -> 243 | C4: =SUM(MAIO!K10:K58) -> 731 | D4: =SUM(MAIO!M10:M58) -> 1477 | E4: =SUM(MAIO!O10:O58) -> 1632 | F4: =SUM(B4:E4) -> 4083
A5: 3ª | B5: =SUM(MAIO!I60:I94) -> 41 | C5: =SUM(MAIO!K60:K94) -> 783 | D5: =SUM(MAIO!M60:M94) -> 1732 | E5: =SUM(MAIO!O60:O94) -> 1766 | F5: =SUM(B5:E5) -> 4322
A6: 4ª | B6: =SUM(MAIO!I96:I135) -> 16 | C6: =SUM(MAIO!K96:K135) -> 1243 | D6: =SUM(MAIO!M96:M135) -> 2184 | E6: =SUM(MAIO!O96:O135) -> 1983 | F6: =SUM(B6:E6) -> 5426
A7: 5ª | B7: =SUM(MAIO!I137:I148) -> 7 | C7: =SUM(MAIO!K137:K148) -> 204 | D7: =SUM(MAIO!M137:M148) -> 585 | E7: =SUM(MAIO!O137:O148) -> 480 | F7: =SUM(B7:E7) -> 1276
A8: 6ª | B8: =SUM(MAIO!I150:I160) -> 15 | C8: =SUM(MAIO!K150:K160) -> 209 | D8: =SUM(MAIO!M150:M160) -> 563 | E8: =SUM(MAIO!O150:O160) -> 604 | F8: =SUM(B8:E8) -> 1391
A9: 7ª | B9: =SUM(MAIO!I162:I180) -> 46 | C9: =SUM(MAIO!K162:K180) -> 213 | D9: =SUM(MAIO!M162:M180) -> 1001 | E9: =SUM(MAIO!O162:O180) -> 1120 | F9: =SUM(B9:E9) -> 2380
A10: 8ª | B10: =SUM(MAIO!I182:I200) -> 43 | C10: =SUM(MAIO!K182:K200) -> 525 | D10: =SUM(MAIO!M182:M200) -> 882 | E10: =SUM(MAIO!O182:O200) -> 776 | F10: =SUM(B10:E10) -> 2226
A11: 9ª | B11: =SUM(MAIO!I202:I216) -> 0 | C11: =SUM(MAIO!K202:K216) -> 306 | D11: =SUM(MAIO!M202:M216) -> 518 | E11: =SUM(MAIO!O202:O216) -> 513 | F11: =SUM(B11:E11) -> 1337
A12: 10ª | B12: =SUM(MAIO!I218:I276) -> 77 | C12: =SUM(MAIO!K218:K276) -> 2014 | D12: =SUM(MAIO!M218:M276) -> 3421 | E12: =SUM(MAIO!O218:O276) -> 3269 | F12: =SUM(B12:E12) -> 8781
A13: 11ª | B13: =SUM(MAIO!I278:I283) -> 0 | C13: =SUM(MAIO!K278:K283) -> 189 | D13: =SUM(MAIO!M278:M283) -> 316 | E13: =SUM(MAIO!O278:O283) -> 336 | F13: =SUM(B13:E13) -> 841
A14: SUBTOTAL REDE | B14: =SUM(B3:B13) -> 488 | C14: =SUM(C3:C13) -> 6461 | D14: =SUM(D3:D13) -> 12806 | E14: =SUM(E3:E13) -> 12596
A15: TOTAL REDE | B15: =SUM(B3:E13) -> 32351
A17: CRE | B17: Nº DE UNIDADES | C17: META
A18: 1ª | B18: =COUNTA(MAIO!C4:C8) -> 5 | C18: 312
A19: 2ª | B19: 49 | C19: 4211
A20: 3ª | B20: 35 | C20: 4445
A21: 4ª | B21: 40 | C21: 6173
A22: 5ª | B22: 12 | C22: 1458
A23: 6ª | B23: 11 | C23: 1437
A24: 7ª | B24: 19 | C24: 2413
A25: 8ª | B25: 19 | C25: 2502
A26: 9ª | B26: 15 | C26: 1608
A27: 10ª | B27: 59 | C27: 9069
A28: 11ª | B28: 6 | C28: 842
A29: TOTAL REDE | B29: =SUM(B18:B28) -> 270 | C29: 34470
