Workbook

Sheet Apoio
A1: 1 | B1: 1
A2: 2 | B2: 1
A3: 3 | B3: 1
A4: 4 | B4: 1
A5: 5 | B5: 1
A6: 6 | B6: 1
A7: 7 | B7: 1
A8: 8 | B8: 1
A9: 9 | B9: 1
A10: 10 | B10: 1
A11: 11 | B11: 1
A12: 12 | B12: 1
... A250: 250 | B250: 10

Sheet Endereços
A1: DESIGNAÇÃO | B1: NOME DA CRECHE | C1: ENDEREÇO | D1: BAIRRO
A2: 1004 | B2: CP CRECHE CANTINHO FELIZ DE SANTA TERESA | C2: RUA ALMIRANTE ALEXANDRINA, 2495 | D2: SANTA TERESA
A3: 1005 | B3: CP CASA MATERNAL CORAÇÃO DE MÃE | C3: RUA CONCEIÇÃO, Nº 01 - COMPLEXO DO TURANO | D3: RIO COMPRIDO
A4: 1006 | B4: CP CRECHE DO TUIUTI | C4: RUA SÃO LUIZ GONZAGA, Nº 1612-FUNDOS | D4: BENFICA
A5: 1007 | B5: CP EDUCANDÁRIO NOSSA SENHORA DE NAZARÉ | C5: RUA DOUTOR AGRA, Nº 115 | D5: CATUMBI
A6: 1009 | B6: CP CRECHE COMUNITÁRIA ANITA WAY | C6: RUA DA AMÉRICA, 81 | D6: SANTO CRISTO
A7: 1010 | B7: CP CENTRO CULTURAL MONTESSORI - SÃO CRISTÓVÃO | C7: R. SÃO LUIZ GONZAGA, 1720 | D7: SÃO CRISTÓVÃO
A8: 2001 | B8: CP CRECHE ESPAÇO SEMENTE | C8: TRAVESSA SÃO LUIZ, 99 | D8: BOREL / TIJUCA
A9: 2002 | B9: CP EDUCANDÁRIO CASA DE JACIRA | C9: RUA AGUIAR, 72 | D9: TIJUCA
A10: 2003 | B10: CP CENTRO COMUNITÁRIO DA RUA UM UNIÃO FAZ A FORÇA | C10: ESTR. DA GÁVEA, 259 - PARTE | D10: ROCINHA
A11: 2004 | B11: CP AÇÃO SOCIAL PADRE ANCHIETA - ASPA | C11: TRAVESSA LUZ, 13 | D11: ROCINHA
A12: 2005 | B12: CP ESCOLA COMUNITÁRIA DO CANTAGALO | C12: RUA SAINT ROMAIN, 200/RUA CÂNDIDO PORTINARI, 05 | D12: COPACABANA
A13: 2006 | B13: CP CRECHE PRÉ-ESCOLA COMUNITÁRIA DOIS IRMÃOS | C13: EST. DA GÁVEA, 325 - BECO 1-CASA 30 | D13: ROCINHA
... A195: 7035 | B195: CP AEMMAC - ANIL | C195: AV. TENENTE CORONEL MUNIZ DE ARAGÃO, 219 | D195: JACAREPAGUÁ
A196: 7036 | B196: CAAD UNIVERSO ENCANTADO | C196: 0 | D196: JACAREPAGUÁ
A197: 7037 | B197: CAAD- UNIVERSO DA CRIANÇA | C197: 0 | D197: JACAREPAGUÁ
A198: 7038 | B198: CAAD - UNIVERSO DAS FLORES | C198: 0 | D198: VILA VALQUEIRE
A199: 7039 | B199: JARDIM CLARICE | C199: 0 | D199: JACAREPAGUÁ
A200: 7040 | B200: VALE DO SOL PRAÇA SECA | C200: 0 | D200: JACAREPAGUÁ
A201: 7041 | B201: VALE DO SOL TAQUARA | C201: 0 | D201: TAQUARA / JACAREPAGUÁ
A202: 7042 | B202: INSTITUTO EDUCACIONAL DIVA ALVES - Unidade II | C202: 0 | D202: JACAREPAGUÁ
A203: 7043 | B203: ESPAÇO DE EDUCAÇÃO INFANTIL PEQUENO APRENDIZ | C203: Estrada dos Bandeirantes, 11227 - Via A - s/nº | D203: VARGEM PEQUENA
A204: 7044 | B204: CRECHE COMUNITÁRIA AMOR DE MÃE | C204: Av. Genaro de Carvalho 3735 | D204: RECREIO DOS BANDEIRANTES
A205: 7045 | B205: JARDIM ESCOLA TURMINHA DA ARCA | C205: Av. Isabel Domingues, 20 | D205: GARDÊNIA AZUL
A206: 7046 | B206: ASSOCIAÇÃO CRECHE ESCOLA SILVINA VIRGÍNIA | C206: Rua Frederico Quartarolli, 394 | D206: RECREIO DOS BANDEIRANTES
A207: 8002 | B207: CP CRECHE ESPÍRITA FRANCISCO DE ASSIS | C207: ESTR. DO ENGENHO NOVO, 235 | D207: REALENGO
A208: 8003 | B208: CP CRECHE CRIANÇA JABOUR | C208: RUA CROÁCIA, 05 C. 16 | D208: JABOUR
A209: 8004 | B209: CP CRECHE COMUNITÁRIA NINO | C209: RUA FORT LAMY, S/Nº, LOTE 01, QUADRA 32 | D209: VILA KENNEDY
A210: 8005 | B210: CP CRECHE E ESCOLA COMUNITÁRIA GENTE INOCENTE - REALENGO | C210: ESTR. DA ÁGUA BRANCA, 4090 | D210: REALENGO
A211: 8006 | B211: CP FUNDAÇÃO CASA DA JOANINHA - CRECHE | C211: ESTR. DA ÁGUA BRANCA, 640 | D211: MAGALHÃES BASTOS
A212: 8007 | B212: CP CRECHE E ESCOLA COMUNITÁRIA GENTE INOCENTE - BANGU | C212: ESTR. DA ÁGUA BRANCA, 4296 | D212: BANGU
A213: 8008 | B213: CP ASSOCIAÇÃO DE MORADORES DO CONJUNTO PEDRO I E ADJACÊNCIAS | C213: RUA CÍTARA, 138 | D213: REALENGO
A214: 8009 | B214: CP ASSOCIAÇÃO RECREATIVA PINGUINHO DE GENTE | C214: RUA DR. AUGUSTO FIGUEIREDO, 2002 | D214: SENADOR CAMARÁ
... A351: 11010 | B351: CHALÉ SEMENTINHA (ILHA DO GOVERNADOR) | C351: Rua Engenheiro Rozauro Zambrano, 234, Jardim Guanabara | D351: JARDIM GUANABARA

Sheet Maio-2024
A1: Realidade: X
A2: Fonte: Anexo XIV
N3: BERÇÁRIO I | S3: BERÇÁRIO II | X3: MATERNAL I | AC3: MATERNAL II
A4: CRE | B4: Nº | C4: CÓDIGO SGA | D4: INEP | E4: CNPJ | F4: SISEP | G4: Denominação SGA | H4: Creche Parceira | I4: Mantenedora | J4: Endereço | K4: Bairro | L4: Meta | M4: Faixa Etária | N4: Turma | O4: Aluno | P4: Incluído | Q4: Abatimento Vagas | R4: Turma Mista? | S4: Turma | T4: Aluno | U4: Incluído | V4: Abatimento Vagas | W4: Turma Mista? | X4: Turma | Y4: Aluno | Z4: Incluído | AA4: Abatimento Vagas | AB4: Turma Mista? | AC4: Turma | AD4: Aluno | AE4: Incluído | AF4: Abatimento Vagas | AG4: Turma Mista? | AH4: Total Alunos | AI4: Total Incluídos | AJ4: Abatimentos | AK4: Vagas | AL4: Excedentes | AM4: Obs | AN4: Realidade Março | AO4: Diferença | AP4: Verificação Aluno/Meta
A5: 1 | B5: 1 | C5: 1004 | D5: 33122261 | E5: 02287214000116 | F5: 010055 | G5: CP CRECHE CANTINHO FELIZ DE SANTA TERESA | H5: CRECHE CANTINHO FELIZ DE SANTA TERESA | I5: INSTITUTO TRILHO | J5: RUA ALMIRANTE ALEXANDRINA, 2495 | K5: SANTA TERESA | L5: 50 | N5: =IFERROR(VLOOKUP(O5,Apoio!A:B,2,0),"") | O5: =IFERROR(VLOOKUP(C5,'[1]TB DIN'!$B:$D,3,0),"AGUARDANDO ANEXO") -> 0 | P5: =IFERROR(VLOOKUP(C5,'[1]TB DIN INCLUIDOS'!$B:$H,3,0),"AGUARDANDO ANEXO") -> 0 | Q5: {=_xlfn.IFS((P5>N5),(N5*2),(P5<=N5),(P5*2))} -> 0 | S5: =IFERROR(VLOOKUP(T5,Apoio!A:B,2,0),"") | T5: =IFERROR(VLOOKUP(C5,'[1]TB DIN'!$B:$H,4,0),"AGUARDANDO ANEXO") -> 0 | U5: =IFERROR(VLOOKUP(C5,'[1]TB DIN INCLUIDOS'!$B:$H,4,0),"AGUARDANDO ANEXO") -> 0 | V5: {=_xlfn.IFS((U5>S5),(S5*2),(U5<=S5),(U5*2))} -> 0 | X5: =IFERROR(VLOOKUP(Y5,Apoio!A:B,2,0),"") -> 2 | Y5: =IFERROR(VLOOKUP(C5,'[1]TB DIN'!$B:$H,5,0),"AGUARDANDO ANEXO") -> 26 | Z5: =IFERROR(VLOOKUP(C5,'[1]TB DIN INCLUIDOS'!$B:$H,5,0),"AGUARDANDO ANEXO") -> 0 | AA5: {=_xlfn.IFS((Z5>X5),(X5*2),(Z5<=X5),(Z5*2))} -> 0 | AC5: =IFERROR(VLOOKUP(AD5,Apoio!A:B,2,0),"") -> 1 | AD5: 24 | AE5: =IFERROR(VLOOKUP(C5,'[1]TB DIN INCLUIDOS'!$B:$H,6,0),"AGUARDANDO ANEXO") -> 0 | AF5: {=_xlfn.IFS((AE5>AC5),(AC5*2),(AE5<=AC5),(AE5*2))} -> 0 | AH5: =SUM(O5,T5,Y5,AD5) -> 50 | AI5: =SUM(P5,U5,Z5,AE5) -> 0 | AJ5: =SUM(Q5,V5,AA5,AF5) -> 0 | AK5: =IF(L5-AH5-Q5-V5-AA5-AF5>0,L5-AH5-Q5-V5-AA5-AF5,0) -> 0 | AL5: =IF(L5-O5-Q5-T5-V5-Y5-AA5-AD5-AF5<0,L5-O5-Q5-T5-V5-Y5-AA5-AD5-AF5,0) -> 0 | AM5: manutenção | AN5: =VLOOKUP(C5,'[2]MARÇO-2024'!$B:$M,12,0) -> 49 | AO5: =AN5-AH5 -> -1 | AP5: =IF(AH5>L5,"Qt de aluno maior que a meta","")
A6: 1 | B6: 2 | C6: 1005 | D6: 33184437 | E6: 68696962000160 | F6: 010134 | G6: CP CASA MATERNAL CORAÇÃO DE MÃE | H6: CASA MATERNAL CORAÇÃO DE MÃE | I6: INSTITUTO MISSIONÁRIO COMUNHÃO E PARTICIPAÇÃO | J6: RUA CONCEIÇÃO, Nº 01 - COMPLEXO DO TURANO | K6: RIO COMPRIDO | L6: 40 | N6: =IFERROR(VLOOKUP(O6,Apoio!A:B,2,0),"") | O6: =IFERROR(VLOOKUP(C6,'[1]TB DIN'!$B:$D,3,0),"AGUARDANDO ANEXO") -> 0 | P6: =IFERROR(VLOOKUP(C6,'[1]TB DIN INCLUIDOS'!$B:$H,3,0),"AGUARDANDO ANEXO") -> 0 | Q6: {=_xlfn.IFS((P6>N6),(N6*2),(P6<=N6),(P6*2))} -> 0 | S6: =IFERROR(VLOOKUP(T6,Apoio!A:B,2,0),"") | T6: =IFERROR(VLOOKUP(C6,'[1]TB DIN'!$B:$H,4,0),"AGUARDANDO ANEXO") -> 0 | U6: =IFERROR(VLOOKUP(C6,'[1]TB DIN INCLUIDOS'!$B:$H,4,0),"AGUARDANDO ANEXO") -> 0 | V6: {=_xlfn.IFS((U6>S6),(S6*2),(U6<=S6),(U6*2))} -> 0 | X6: =IFERROR(VLOOKUP(Y6,Apoio!A:B,2,0),"") -> 1 | Y6: =IFERROR(VLOOKUP(C6,'[1]TB DIN'!$B:$H,5,0),"AGUARDANDO ANEXO") -> 19 | Z6: =IFERROR(VLOOKUP(C6,'[1]TB DIN INCLUIDOS'!$B:$H,5,0),"AGUARDANDO ANEXO") -> 0 | AA6: {=_xlfn.IFS((Z6>X6),(X6*2),(Z6<=X6),(Z6*2))} -> 0 | AC6: =IFERROR(VLOOKUP(AD6,Apoio!A:B,2,0),"") -> 1 | AD6: 21 | AE6: =IFERROR(VLOOKUP(C6,'[1]TB DIN INCLUIDOS'!$B:$H,6,0),"AGUARDANDO ANEXO") -> 0 | AF6: {=_xlfn.IFS((AE6>AC6),(AC6*2),(AE6<=AC6),(AE6*2))} -> 0 | AH6: =SUM(O6,T6,Y6,AD6) -> 40 | AI6: =SUM(P6,U6,Z6,AE6) -> 0 | AJ6: =SUM(Q6,V6,AA6,AF6) -> 0 | AK6: =IF(L6-AH6-Q6-V6-AA6-AF6>0,L6-AH6-Q6-V6-AA6-AF6,0) -> 0 | AL6: =IF(L6-O6-Q6-T6-V6-Y6-AA6-AD6-AF6<0,L6-O6-Q6-T6-V6-Y6-AA6-AD6-AF6,0) -> 0 | AM6: manutenção | AN6: =VLOOKUP(C6,'[2]MARÇO-2024'!$B:$M,12,0) -> 40 | AO6: =AN6-AH6 -> 0 | AP6: =IF(AH6>L6,"Qt de aluno maior que a meta","")
A7: 1 | B7: 3 | C7: 1006 | D7: 33188564 | E7: 02717198000154 | F7: 010005 | G7: CP CRECHE DO TUIUTI | H7: CRECHE DO TUIUTI | I7: NÚCLEO DE AÇÃO COMUNITÁRIA E DESENVOLVIMENTO SOCIAL - NACODES | J7: RUA SÃO LUIZ GONZAGA, Nº 1612-FUNDOS | K7: BENFICA | L7: 147 | N7: =IFERROR(VLOOKUP(O7,Apoio!A:B,2,0),"") | O7: =IFERROR(VLOOKUP(C7,'[1]TB DIN'!$B:$D,3,0),"AGUARDANDO ANEXO") -> 0 | P7: =IFERROR(VLOOKUP(C7,'[1]TB DIN INCLUIDOS'!$B:$H,3,0),"AGUARDANDO ANEXO") -> 0 | Q7: {=_xlfn.IFS((P7>N7),(N7*2),(P7<=N7),(P7*2))} -> 0 | S7: =IFERROR(VLOOKUP(T7,Apoio!A:B,2,0),"") -> 2 | T7: 44 | U7: =IFERROR(VLOOKUP(C7,'[1]TB DIN INCLUIDOS'!$B:$H,4,0),"AGUARDANDO ANEXO") -> 0 | V7: {=_xlfn.IFS((U7>S7),(S7*2),(U7<=S7),(U7*2))} -> 0 | X7: =IFERROR(VLOOKUP(Y7,Apoio!A:B,2,0),"") -> 3 | Y7: 63 | Z7: =IFERROR(VLOOKUP(C7,'[1]TB DIN INCLUIDOS'!$B:$H,5,0),"AGUARDANDO ANEXO") -> 0 | AA7: {=_xlfn.IFS((Z7>X7),(X7*2),(Z7<=X7),(Z7*2))} -> 0 | AC7: =IFERROR(VLOOKUP(AD7,Apoio!A:B,2,0),"") -> 2 | AD7: =IFERROR(VLOOKUP(C7,'[1]TB DIN'!$B:$H,6,0),"AGUARDANDO ANEXO") -> 40 | AE7: =IFERROR(VLOOKUP(C7,'[1]TB DIN INCLUIDOS'!$B:$H,6,0),"AGUARDANDO ANEXO") -> 0 | AF7: {=_xlfn.IFS((AE7>AC7),(AC7*2),(AE7<=AC7),(AE7*2))} -> 0 | AH7: =SUM(O7,T7,Y7,AD7) -> 147 | AI7: =SUM(P7,U7,Z7,AE7) -> 0 | AJ7: =SUM(Q7,V7,AA7,AF7) -> 0 | AK7: =IF(L7-AH7-Q7-V7-AA7-AF7>0,L7-AH7-Q7-V7-AA7-AF7,0) -> 0 | AL7: =IF(L7-O7-Q7-T7-V7-Y7-AA7-AD7-AF7<0,L7-O7-Q7-T7-V7-Y7-AA7-AD7-AF7,0) -> 0 | AM7: manutenção | AN7: =VLOOKUP(C7,'[2]MARÇO-2024'!$B:$M,12,0) -> 147 | AO7: =AN7-AH7 -> 0 | AP7: =IF(AH7>L7,"Qt de aluno maior que a meta","")
A8: 1 | B8: 4 | C8: 1007 | D8: 33062978 | E8: 34100438000163 | F8: 010023 | G8: CP EDUCANDÁRIO NOSSA SENHORA DE NAZARÉ | H8: EDUCANDÁRIO NOSSA SENHORA DE NAZARÉ | I8: CONGREGAÇÃO DAS PEQUENAS IRMÃS DA DIVINA PROVIDÊNCIA | J8: RUA DOUTOR AGRA, Nº 115 | K8: CATUMBI | L8: 30 | N8: =IFERROR(VLOOKUP(O8,Apoio!A:B,2,0),"") | O8: =IFERROR(VLOOKUP(C8,'[1]TB DIN'!$B:$D,3,0),"AGUARDANDO ANEXO") -> 0 | P8: =IFERROR(VLOOKUP(C8,'[1]TB DIN INCLUIDOS'!$B:$H,3,0),"AGUARDANDO ANEXO") -> 0 | Q8: {=_xlfn.IFS((P8>N8),(N8*2),(P8<=N8),(P8*2))} -> 0 | S8: =IFERROR(VLOOKUP(T8,Apoio!A:B,2,0),"") | T8: =IFERROR(VLOOKUP(C8,'[1]TB DIN'!$B:$H,4,0),"AGUARDANDO ANEXO") -> 0 | U8: =IFERROR(VLOOKUP(C8,'[1]TB DIN INCLUIDOS'!$B:$H,4,0),"AGUARDANDO ANEXO") -> 0 | V8: {=_xlfn.IFS((U8>S8),(S8*2),(U8<=S8),(U8*2))} -> 0 | X8: =IFERROR(VLOOKUP(Y8,Apoio!A:B,2,0),"") -> 1 | Y8: =IFERROR(VLOOKUP(C8,'[1]TB DIN'!$B:$H,5,0),"AGUARDANDO ANEXO") -> 14 | Z8: =IFERROR(VLOOKUP(C8,'[1]TB DIN INCLUIDOS'!$B:$H,5,0),"AGUARDANDO ANEXO") -> 0 | AA8: {=_xlfn.IFS((Z8>X8),(X8*2),(Z8<=X8),(Z8*2))} -> 0 | AC8: =IFERROR(VLOOKUP(AD8,Apoio!A:B,2,0),"") -> 1 | AD8: =IFERROR(VLOOKUP(C8,'[1]TB DIN'!$B:$H,6,0),"AGUARDANDO ANEXO") -> 15 | AE8: =IFERROR(VLOOKUP(C8,'[1]TB DIN INCLUIDOS'!$B:$H,6,0),"AGUARDANDO ANEXO") -> 1 | AF8: {=_xlfn.IFS((AE8>AC8),(AC8*2),(AE8<=AC8),(AE8*2))} -> 2 | AH8: =SUM(O8,T8,Y8,AD8) -> 29 | AI8: =SUM(P8,U8,Z8,AE8) -> 1 | AJ8: =SUM(Q8,V8,AA8,AF8) -> 2 | AK8: =IF(L8-AH8-Q8-V8-AA8-AF8>0,L8-AH8-Q8-V8-AA8-AF8,0) -> 0 | AL8: =IF(L8-O8-Q8-T8-V8-Y8-AA8-AD8-AF8<0,L8-O8-Q8-T8-V8-Y8-AA8-AD8-AF8,0) -> -1 | AM8: manutenção | AN8: =VLOOKUP(C8,'[2]MARÇO-2024'!$B:$M,12,0) -> 29 | AO8: =AN8-AH8 -> 0 | AP8: =IF(AH8>L8,"Qt de aluno maior que a meta","")
A9: 1 | B9: 5 | C9: 1009 | D9: 33196141 | E9: 19701694000112 | F9: 010037 | G9: CP CRECHE COMUNITÁRIA ANITA WAY | H9: CRECHE COMUNITÁRIA ANITA WAY | I9: PROVIDENCIANDO A FAVOR DA VIDA | J9: RUA DA AMÉRICA, 81 | K9: SANTO CRISTO | L9: 130 | N9: =IFERROR(VLOOKUP(O9,Apoio!A:B,2,0),"") | O9: =IFERROR(VLOOKUP(C9,'[1]TB DIN'!$B:$D,3,0),"AGUARDANDO ANEXO") -> 0 | P9: =IFERROR(VLOOKUP(C9,'[1]TB DIN INCLUIDOS'!$B:$H,3,0),"AGUARDANDO ANEXO") -> 0 | Q9: {=_xlfn.IFS((P9>N9),(N9*2),(P9<=N9),(P9*2))} -> 0 | S9: =IFERROR(VLOOKUP(T9,Apoio!A:B,2,0),"") -> 1 | T9: 17 | U9: =IFERROR(VLOOKUP(C9,'[1]TB DIN INCLUIDOS'!$B:$H,4,0),"AGUARDANDO ANEXO") -> 0 | V9: {=_xlfn.IFS((U9>S9),(S9*2),(U9<=S9),(U9*2))} -> 0 | X9: =IFERROR(VLOOKUP(Y9,Apoio!A:B,2,0),"") -> 3 | Y9: 53 | Z9: =IFERROR(VLOOKUP(C9,'[1]TB DIN INCLUIDOS'!$B:$H,5,0),"AGUARDANDO ANEXO") -> 0 | AA9: {=_xlfn.IFS((Z9>X9),(X9*2),(Z9<=X9),(Z9*2))} -> 0 | AC9: =IFERROR(VLOOKUP(AD9,Apoio!A:B,2,0),"") -> 3 | AD9: 55 | AE9: =IFERROR(VLOOKUP(C9,'[1]TB DIN INCLUIDOS'!$B:$H,6,0),"AGUARDANDO ANEXO") -> 2 | AF9: {=_xlfn.IFS((AE9>AC9),(AC9*2),(AE9<=AC9),(AE9*2))} -> 4 | AH9: =SUM(O9,T9,Y9,AD9) -> 125 | AI9: =SUM(P9,U9,Z9,AE9) -> 2 | AJ9: =SUM(Q9,V9,AA9,AF9) -> 4 | AK9: =IF(L9-AH9-Q9-V9-AA9-AF9>0,L9-AH9-Q9-V9-AA9-AF9,0) -> 1 | AL9: =IF(L9-O9-Q9-T9-V9-Y9-AA9-AD9-AF9<0,L9-O9-Q9-T9-V9-Y9-AA9-AD9-AF9,0) -> 0 | AM9: manutenção | AN9: =VLOOKUP(C9,'[2]MARÇO-2024'!$B:$M,12,0) -> 128 | AO9: =AN9-AH9 -> 3 | AP9: =IF(AH9>L9,"Qt de aluno maior que a meta","")
A10: 1 | B10: 6 | C10: 1010 | D10: 33196311 | E10: 35455216000126 | F10: 010135 | G10: CP CENTRO CULTURAL MONTESSORI - SÃO CRISTÓVÃO | H10: CENTRO CULTURAL MONTESSORI (SÃO CRISTÓVÃO) | I10: CENTRO CULTURAL MONTESSORI | J10: R. SÃO LUIZ GONZAGA, 1720 | K10: SÃO CRISTÓVÃO | L10: 297 | N10: =IFERROR(VLOOKUP(O10,Apoio!A:B,2,0),"") | O10: =IFERROR(VLOOKUP(C10,'[1]TB DIN'!$B:$D,3,0),"AGUARDANDO ANEXO") -> 0 | P10: =IFERROR(VLOOKUP(C10,'[1]TB DIN INCLUIDOS'!$B:$H,3,0),"AGUARDANDO ANEXO") -> 0 | Q10: {=_xlfn.IFS((P10>N10),(N10*2),(P10<=N10),(P10*2))} -> 0 | S10: =IFERROR(VLOOKUP(T10,Apoio!A:B,2,0),"") -> 3 | T10: 75 | U10: =IFERROR(VLOOKUP(C10,'[1]TB DIN INCLUIDOS'!$B:$H,4,0),"AGUARDANDO ANEXO") -> 0 | V10: {=_xlfn.IFS((U10>S10),(S10*2),(U10<=S10),(U10*2))} -> 0 | X10: =IFERROR(VLOOKUP(Y10,Apoio!A:B,2,0),"") -> 5 | Y10: =IFERROR(VLOOKUP(C10,'[1]TB DIN'!$B:$H,5,0),"AGUARDANDO ANEXO") -> 116 | Z10: =IFERROR(VLOOKUP(C10,'[1]TB DIN INCLUIDOS'!$B:$H,5,0),"AGUARDANDO ANEXO") -> 0 | AA10: {=_xlfn.IFS((Z10>X10),(X10*2),(Z10<=X10),(Z10*2))} -> 0 | AC10: =IFERROR(VLOOKUP(AD10,Apoio!A:B,2,0),"") -> 5 | AD10: 102 | AE10: =IFERROR(VLOOKUP(C10,'[1]TB DIN INCLUIDOS'!$B:$H,6,0),"AGUARDANDO ANEXO") -> 2 | AF10: {=_xlfn.IFS((AE10>AC10),(AC10*2),(AE10<=AC10),(AE10*2))} -> 4 | AH10: =SUM(O10,T10,Y10,AD10) -> 293 | AI10: =SUM(P10,U10,Z10,AE10) -> 2 | AJ10: =SUM(Q10,V10,AA10,AF10) -> 4 | AK10: =IF(L10-AH10-Q10-V10-AA10-AF10>0,L10-AH10-Q10-V10-AA10-AF10,0) -> 0 | AL10: =IF(L10-O10-Q10-T10-V10-Y10-AA10-AD10-AF10<0,L10-O10-Q10-T10-V10-Y10-AA10-AD10-AF10,0) -> 0 | AM10: manutenção | AN10: =VLOOKUP(C10,'[2]MARÇO-2024'!$B:$M,12,0) -> 297 | AO10: =AN10-AH10 -> 4 | AP10: =IF(AH10>L10,"Qt de aluno maior que a meta","")
A11: 2 | B11: 1 | C11: 2001 | D11: 33172820 | E11: 17433591000193 | F11: 021365 | G11: CP CRECHE ESPAÇO SEMENTE | H11: CRECHE ESPAÇO SEMENTE | I11: JOVENS COM UMA MISSÃO - JOCUM BOREL | J11: TRAVESSA SÃO LUIZ, 99 | K11: BOREL / TIJUCA | L11: 80 | N11: =IFERROR(VLOOKUP(O11,Apoio!A:B,2,0),"") | O11: =IFERROR(VLOOKUP(C11,'[1]TB DIN'!$B:$D,3,0),"AGUARDANDO ANEXO") -> 0 | P11: =IFERROR(VLOOKUP(C11,'[1]TB DIN INCLUIDOS'!$B:$H,3,0),"AGUARDANDO ANEXO") -> 0 | Q11: {=_xlfn.IFS((P11>N11),(N11*2),(P11<=N11),(P11*2))} -> 0 | S11: =IFERROR(VLOOKUP(T11,Apoio!A:B,2,0),"") | T11: =IFERROR(VLOOKUP(C11,'[1]TB DIN'!$B:$H,4,0),"AGUARDANDO ANEXO") -> 0 | U11: =IFERROR(VLOOKUP(C11,'[1]TB DIN INCLUIDOS'!$B:$H,4,0),"AGUARDANDO ANEXO") -> 0 | V11: {=_xlfn.IFS((U11>S11),(S11*2),(U11<=S11),(U11*2))} -> 0 | X11: =IFERROR(VLOOKUP(Y11,Apoio!A:B,2,0),"") -> 2 | Y11: =IFERROR(VLOOKUP(C11,'[1]TB DIN'!$B:$H,5,0),"AGUARDANDO ANEXO") -> 38 | Z11: =IFERROR(VLOOKUP(C11,'[1]TB DIN INCLUIDOS'!$B:$H,5,0),"AGUARDANDO ANEXO") -> 1 | AA11: {=_xlfn.IFS((Z11>X11),(X11*2),(Z11<=X11),(Z11*2))} -> 2 | AC11: =IFERROR(VLOOKUP(AD11,Apoio!A:B,2,0),"") -> 2 | AD11: =IFERROR(VLOOKUP(C11,'[1]TB DIN'!$B:$H,6,0),"AGUARDANDO ANEXO") -> 41 | AE11: =IFERROR(VLOOKUP(C11,'[1]TB DIN INCLUIDOS'!$B:$H,6,0),"AGUARDANDO ANEXO") -> 0 | AF11: {=_xlfn.IFS((AE11>AC11),(AC11*2),(AE11<=AC11),(AE11*2))} -> 0 | AH11: =SUM(O11,T11,Y11,AD11) -> 79 | AI11: =SUM(P11,U11,Z11,AE11) -> 1 | AJ11: =SUM(Q11,V11,AA11,AF11) -> 2 | AK11: =IF(L11-AH11-Q11-V11-AA11-AF11>0,L11-AH11-Q11-V11-AA11-AF11,0) -> 0 | AL11: =IF(L11-O11-Q11-T11-V11-Y11-AA11-AD11-AF11<0,L11-O11-Q11-T11-V11-Y11-AA11-AD11-AF11,0) -> -1 | AM11: manutenção | AN11: =VLOOKUP(C11,'[2]MARÇO-2024'!$B:$M,12,0) -> 79 | AO11: =AN11-AH11 -> 0 | AP11: =IF(AH11>L11,"Qt de aluno maior que a meta","")
A12: 2 | B12: 2 | C12: 2002 | D12: 33066442 | E12: 33784406000161 | F12: 020240 | G12: CP EDUCANDÁRIO CASA DE JACIRA | H12: EDUCANDÁRIO CASA DE JACIRA | I12: CASA DE JACIRA AUXÍLIO À INFÂNCIA | J12: RUA AGUIAR, 72 | K12: TIJUCA | L12: 24 | N12: =IFERROR(VLOOKUP(O12,Apoio!A:B,2,0),"") | O12: =IFERROR(VLOOKUP(C12,'[1]TB DIN'!$B:$D,3,0),"AGUARDANDO ANEXO") -> 0 | P12: =IFERROR(VLOOKUP(C12,'[1]TB DIN INCLUIDOS'!$B:$H,3,0),"AGUARDANDO ANEXO") -> 0 | Q12: {=_xlfn.IFS((P12>N12),(N12*2),(P12<=N12),(P12*2))} -> 0 | S12: =IFERROR(VLOOKUP(T12,Apoio!A:B,2,0),"") | T12: =IFERROR(VLOOKUP(C12,'[1]TB DIN'!$B:$H,4,0),"AGUARDANDO ANEXO") -> 0 | U12: =IFERROR(VLOOKUP(C12,'[1]TB DIN INCLUIDOS'!$B:$H,4,0),"AGUARDANDO ANEXO") -> 0 | V12: {=_xlfn.IFS((U12>S12),(S12*2),(U12<=S12),(U12*2))} -> 0 | X12: =IFERROR(VLOOKUP(Y12,Apoio!A:B,2,0),"") | Y12: =IFERROR(VLOOKUP(C12,'[1]TB DIN'!$B:$H,5,0),"AGUARDANDO ANEXO") -> 0 | Z12: =IFERROR(VLOOKUP(C12,'[1]TB DIN INCLUIDOS'!$B:$H,5,0),"AGUARDANDO ANEXO") -> 0 | AA12: {=_xlfn.IFS((Z12>X12),(X12*2),(Z12<=X12),(Z12*2))} -> 0 | AC12: =IFERROR(VLOOKUP(AD12,Apoio!A:B,2,0),"") -> 1 | AD12: =IFERROR(VLOOKUP(C12,'[1]TB DIN'!$B:$H,6,0),"AGUARDANDO ANEXO") -> 24 | AE12: =IFERROR(VLOOKUP(C12,'[1]TB DIN INCLUIDOS'!$B:$H,6,0),"AGUARDANDO ANEXO") -> 0 | AF12: {=_xlfn.IFS((AE12>AC12),(AC12*2),(AE12<=AC12),(AE12*2))} -> 0 | AH12: =SUM(O12,T12,Y12,AD12) -> 24 | AI12: =SUM(P12,U12,Z12,AE12) -> 0 | AJ12: =SUM(Q12,V12,AA12,AF12) -> 0 | AK12: =IF(L12-AH12-Q12-V12-AA12-AF12>0,L12-AH12-Q12-V12-AA12-AF12,0) -> 0 | AL12: =IF(L12-O12-Q12-T12-V12-Y12-AA12-AD12-AF12<0,L12-O12-Q12-T12-V12-Y12-AA12-AD12-AF12,0) -> 0 | AM12: manutenção | AN12: =VLOOKUP(C12,'[2]MARÇO-2024'!$B:$M,12,0) -> 24 | AO12: =AN12-AH12 -> 0 | AP12: =IF(AH12>L12,"Qt de aluno maior que a meta","")
A13: 2 | B13: 3 | C13: 2003 | D13: 33095388 | E13: 27052182000109 | F13: 020480 | G13: CP CENTRO COMUNITÁRIO DA RUA UM UNIÃO FAZ A FORÇA | H13: CENTRO COMUNITÁRIO DA RUA UM - UNIÃO FAZ A FORÇA | I13: CENTRO COMUNITÁRIO DA RUA UM - UNIÃO FAZ A FORÇA | J13: ESTR. DA GÁVEA, 259 - PARTE | K13: ROCINHA | L13: 140 | N13: =IFERROR(VLOOKUP(O13,Apoio!A:B,2,0),"") | O13: =IFERROR(VLOOKUP(C13,'[1]TB DIN'!$B:$D,3,0),"AGUARDANDO ANEXO") -> 0 | P13: =IFERROR(VLOOKUP(C13,'[1]TB DIN INCLUIDOS'!$B:$H,3,0),"AGUARDANDO ANEXO") -> 0 | Q13: {=_xlfn.IFS((P13>N13),(N13*2),(P13<=N13),(P13*2))} -> 0 | S13: =IFERROR(VLOOKUP(T13,Apoio!A:B,2,0),"") -> 3 | T13: 54 | U13: =IFERROR(VLOOKUP(C13,'[1]TB DIN INCLUIDOS'!$B:$H,4,0),"AGUARDANDO ANEXO") -> 0 | V13: {=_xlfn.IFS((U13>S13),(S13*2),(U13<=S13),(U13*2))} -> 0 | X13: =IFERROR(VLOOKUP(Y13,Apoio!A:B,2,0),"") -> 2 | Y13: =IFERROR(VLOOKUP(C13,'[1]TB DIN'!$B:$H,5,0),"AGUARDANDO ANEXO") -> 42 | Z13: =IFERROR(VLOOKUP(C13,'[1]TB DIN INCLUIDOS'!$B:$H,5,0),"AGUARDANDO ANEXO") -> 1 | AA13: {=_xlfn.IFS((Z13>X13),(X13*2),(Z13<=X13),(Z13*2))} -> 2 | AC13: =IFERROR(VLOOKUP(AD13,Apoio!A:B,2,0),"") -> 2 | AD13: =IFERROR(VLOOKUP(C13,'[1]TB DIN'!$B:$H,6,0),"AGUARDANDO ANEXO") -> 41 | AE13: =IFERROR(VLOOKUP(C13,'[1]TB DIN INCLUIDOS'!$B:$H,6,0),"AGUARDANDO ANEXO") -> 1 | AF13: {=_xlfn.IFS((AE13>AC13),(AC13*2),(AE13<=AC13),(AE13*2))} -> 2 | AH13: =SUM(O13,T13,Y13,AD13) -> 137 | AI13: =SUM(P13,U13,Z13,AE13) -> 2 | AJ13: =SUM(Q13,V13,AA13,AF13) -> 4 | AK13: =IF(L13-AH13-Q13-V13-AA13-AF13>0,L13-AH13-Q13-V13-AA13-AF13,0) -> 0 | AL13: =IF(L13-O13-Q13-T13-V13-Y13-AA13-AD13-AF13<0,L13-O13-Q13-T13-V13-Y13-AA13-AD13-AF13,0) -> -1 | AM13: manutenção | AN13: =VLOOKUP(C13,'[2]MARÇO-2024'!$B:$M,12,0) -> 137 | AO13: =AN13-AH13 -> 0 | AP13: =IF(AH13>L13,"Qt de aluno maior que a meta","")
A14: 2 | B14: 4 | C14: 2004 | D14: 33095450 | E14: 42564773000140 | F14: 021138 | G14: CP AÇÃO SOCIAL PADRE ANCHIETA - ASPA | H14: AÇÃO SOCIAL PADRE ANCHIETA ASPA | I14: AÇÃO SOCIAL PADRE ANCHIETA - ASPA | J14: TRAVESSA LUZ, 13 | K14: ROCINHA | L14: 160 | N14: =IFERROR(VLOOKUP(O14,Apoio!A:B,2,0),"") | O14: =IFERROR(VLOOKUP(C14,'[1]TB DIN'!$B:$D,3,0),"AGUARDANDO ANEXO") -> 0 | P14: =IFERROR(VLOOKUP(C14,'[1]TB DIN INCLUIDOS'!$B:$H,3,0),"AGUARDANDO ANEXO") -> 0 | Q14: {=_xlfn.IFS((P14>N14),(N14*2),(P14<=N14),(P14*2))} -> 0 | S14: =IFERROR(VLOOKUP(T14,Apoio!A:B,2,0),"") -> 1 | T14: =IFERROR(VLOOKUP(C14,'[1]TB DIN'!$B:$H,4,0),"AGUARDANDO ANEXO") -> 24 | U14: =IFERROR(VLOOKUP(C14,'[1]TB DIN INCLUIDOS'!$B:$H,4,0),"AGUARDANDO ANEXO") -> 0 | V14: {=_xlfn.IFS((U14>S14),(S14*2),(U14<=S14),(U14*2))} -> 0 | X14: =IFERROR(VLOOKUP(Y14,Apoio!A:B,2,0),"") -> 3 | Y14: 64 | Z14: 4 | AA14: {=_xlfn.IFS((Z14>X14),(X14*2),(Z14<=X14),(Z14*2))} -> 6 | AC14: =IFERROR(VLOOKUP(AD14,Apoio!A:B,2,0),"") -> 3 | AD14: =IFERROR(VLOOKUP(C14,'[1]TB DIN'!$B:$H,6,0),"AGUARDANDO ANEXO") -> 67 | AE14: =IFERROR(VLOOKUP(C14,'[1]TB DIN INCLUIDOS'!$B:$H,6,0),"AGUARDANDO ANEXO") -> 1 | AF14: {=_xlfn.IFS((AE14>AC14),(AC14*2),(AE14<=AC14),(AE14*2))} -> 2 | AH14: =SUM(O14,T14,Y14,AD14) -> 155 | AI14: =SUM(P14,U14,Z14,AE14) -> 5 | AJ14: =SUM(Q14,V14,AA14,AF14) -> 8 | AK14: =IF(L14-AH14-Q14-V14-AA14-AF14>0,L14-AH14-Q14-V14-AA14-AF14,0) -> 0 | AL14: =IF(L14-O14-Q14-T14-V14-Y14-AA14-AD14-AF14<0,L14-O14-Q14-T14-V14-Y14-AA14-AD14-AF14,0) -> -3 | AM14: manutenção c/ redução da meta | AN14: =VLOOKUP(C14,'[2]MARÇO-2024'!$B:$M,12,0) -> 154 | AO14: =AN14-AH14 -> -1 | AP14: =IF(AH14>L14,"Qt de aluno maior que a meta","")
A15: 2 | B15: 5 | C15: 2005 | D15: 33096414 | E15: 00148879000113 | F15: 020268 | G15: CP ESCOLA COMUNITÁRIA DO CANTAGALO | H15: ESCOLA COMUNITÁRIA DO CANTAGALO | I15: ESCOLA COMUNITÁRIA DO CANTAGALO | J15: RUA SAINT ROMAIN, 200/RUA CÂNDIDO PORTINARI, 05 | K15: COPACABANA | L15: 72 | N15: =IFERROR(VLOOKUP(O15,Apoio!A:B,2,0),"") | O15: =IFERROR(VLOOKUP(C15,'[1]TB DIN'!$B:$D,3,0),"AGUARDANDO ANEXO") -> 0 | P15: =IFERROR(VLOOKUP(C15,'[1]TB DIN INCLUIDOS'!$B:$H,3,0),"AGUARDANDO ANEXO") -> 0 | Q15: {=_xlfn.IFS((P15>N15),(N15*2),(P15<=N15),(P15*2))} -> 0 | S15: =IFERROR(VLOOKUP(T15,Apoio!A:B,2,0),"") | T15: =IFERROR(VLOOKUP(C15,'[1]TB DIN'!$B:$H,4,0),"AGUARDANDO ANEXO") -> 0 | U15: =IFERROR(VLOOKUP(C15,'[1]TB DIN INCLUIDOS'!$B:$H,4,0),"AGUARDANDO ANEXO") -> 0 | V15: {=_xlfn.IFS((U15>S15),(S15*2),(U15<=S15),(U15*2))} -> 0 | X15: =IFERROR(VLOOKUP(Y15,Apoio!A:B,2,0),"") -> 2 | Y15: 32 | Z15: =IFERROR(VLOOKUP(C15,'[1]TB DIN INCLUIDOS'!$B:$H,5,0),"AGUARDANDO ANEXO") -> 0 | AA15: {=_xlfn.IFS((Z15>X15),(X15*2),(Z15<=X15),(Z15*2))} -> 0 | AC15: =IFERROR(VLOOKUP(AD15,Apoio!A:B,2,0),"") -> 2 | AD15: 40 | AE15: =IFERROR(VLOOKUP(C15,'[1]TB DIN INCLUIDOS'!$B:$H,6,0),"AGUARDANDO ANEXO") -> 0 | AF15: {=_xlfn.IFS((AE15>AC15),(AC15*2),(AE15<=AC15),(AE15*2))} -> 0 | AH15: =SUM(O15,T15,Y15,AD15) -> 72 | AI15: =SUM(P15,U15,Z15,AE15) -> 0 | AJ15: =SUM(Q15,V15,AA15,AF15) -> 0 | AK15: =IF(L15-AH15-Q15-V15-AA15-AF15>0,L15-AH15-Q15-V15-AA15-AF15,0) -> 0 | AL15: =IF(L15-O15-Q15-T15-V15-Y15-AA15-AD15-AF15<0,L15-O15-Q15-T15-V15-Y15-AA15-AD15-AF15,0) -> 0 | AM15: manutenção | AN15: =VLOOKUP(C15,'[2]MARÇO-2024'!$B:$M,12,0) -> 72 | AO15: =AN15-AH15 -> 0 | AP15: =IF(AH15>L15,"Qt de aluno maior que a meta","")
A16: 2 | B16: 6 | C16: 2006 | D16: 33096422 | E16: 32154197000100 | F16: 020451 | G16: CP CRECHE PRÉ-ESCOLA COMUNITÁRIA DOIS IRMÃOS | H16: CRECHE PRÉ-ESCOLA COMUNITÁRIA DOIS IRMÃOS | I16: CRECHE PRÉ-ESCOLA COMUNITÁRIA DOIS IRMÃOS | J16: EST. DA GÁVEA, 325 - BECO 1-CASA 30 | K16: ROCINHA | L16: 75 | N16: =IFERROR(VLOOKUP(O16,Apoio!A:B,2,0),"") | O16: =IFERROR(VLOOKUP(C16,'[1]TB DIN'!$B:$D,3,0),"AGUARDANDO ANEXO") -> 0 | P16: =IFERROR(VLOOKUP(C16,'[1]TB DIN INCLUIDOS'!$B:$H,3,0),"AGUARDANDO ANEXO") -> 0 | Q16: {=_xlfn.IFS((P16>N16),(N16*2),(P16<=N16),(P16*2))} -> 0 | S16: =IFERROR(VLOOKUP(T16,Apoio!A:B,2,0),"") -> 1 | T16: =IFERROR(VLOOKUP(C16,'[1]TB DIN'!$B:$H,4,0),"AGUARDANDO ANEXO") -> 25 | U16: =IFERROR(VLOOKUP(C16,'[1]TB DIN INCLUIDOS'!$B:$H,4,0),"AGUARDANDO ANEXO") -> 0 | V16: {=_xlfn.IFS((U16>S16),(S16*2),(U16<=S16),(U16*2))} -> 0 | X16: =IFERROR(VLOOKUP(Y16,Apoio!A:B,2,0),"") -> 1 | Y16: 25 | Z16: =IFERROR(VLOOKUP(C16,'[1]TB DIN INCLUIDOS'!$B:$H,5,0),"AGUARDANDO ANEXO") -> 1 | AA16: {=_xlfn.IFS((Z16>X16),(X16*2),(Z16<=X16),(Z16*2))} -> 2 | AC16: =IFERROR(VLOOKUP(AD16,Apoio!A:B,2,0),"") -> 1 | AD16: =IFERROR(VLOOKUP(C16,'[1]TB DIN'!$B:$H,6,0),"AGUARDANDO ANEXO") -> 23 | AE16: =IFERROR(VLOOKUP(C16,'[1]TB DIN INCLUIDOS'!$B:$H,6,0),"AGUARDANDO ANEXO") -> 1 | AF16: {=_xlfn.IFS((AE16>AC16),(AC16*2),(AE16<=AC16),(AE16*2))} -> 2 | AH16: =SUM(O16,T16,Y16,AD16) -> 73 | AI16: =SUM(P16,U16,Z16,AE16) -> 2 | AJ16: =SUM(Q16,V16,AA16,AF16) -> 4 | AK16: =IF(L16-AH16-Q16-V16-AA16-AF16>0,L16-AH16-Q16-V16-AA16-AF16,0) -> 0 | AL16: =IF(L16-O16-Q16-T16-V16-Y16-AA16-AD16-AF16<0,L16-O16-Q16-T16-V16-Y16-AA16-AD16-AF16,0) -> -2 | AM16: manutenção | AN16: =VLOOKUP(C16,'[2]MARÇO-2024'!$B:$M,12,0) -> 73 | AO16: =AN16-AH16 -> 0 | AP16: =IF(AH16>L16,"Qt de aluno maior que a meta","")
A17: 2 | B17: 7 | C17: 2009 | D17: 33108064 | E17: 33892738000160 | F17: 020441 | G17: CP ABRIGO TERESA DE JESUS | H17: ABRIGO TERESA DE JESUS | I17: ABRIGO TERESA DE JESUS | J17: RUA IBITURUNA, 53 | K17: TIJUCA | L17: 96 | N17: =IFERROR(VLOOKUP(O17,Apoio!A:B,2,0),"") | O17: =IFERROR(VLOOKUP(C17,'[1]TB DIN'!$B:$D,3,0),"AGUARDANDO ANEXO") -> 0 | P17: =IFERROR(VLOOKUP(C17,'[1]TB DIN INCLUIDOS'!$B:$H,3,0),"AGUARDANDO ANEXO") -> 0 | Q17: {=_xlfn.IFS((P17>N17),(N17*2),(P17<=N17),(P17*2))} -> 0 | S17: =IFERROR(VLOOKUP(T17,Apoio!A:B,2,0),"") | T17: =IFERROR(VLOOKUP(C17,'[1]TB DIN'!$B:$H,4,0),"AGUARDANDO ANEXO") -> 0 | U17: =IFERROR(VLOOKUP(C17,'[1]TB DIN INCLUIDOS'!$B:$H,4,0),"AGUARDANDO ANEXO") -> 0 | V17: {=_xlfn.IFS((U17>S17),(S17*2),(U17<=S17),(U17*2))} -> 0 | X17: =IFERROR(VLOOKUP(Y17,Apoio!A:B,2,0),"") -> 2 | Y17: 49 | Z17: =IFERROR(VLOOKUP(C17,'[1]TB DIN INCLUIDOS'!$B:$H,5,0),"AGUARDANDO ANEXO") -> 0 | AA17: {=_xlfn.IFS((Z17>X17),(X17*2),(Z17<=X17),(Z17*2))} -> 0 | AC17: =IFERROR(VLOOKUP(AD17,Apoio!A:B,2,0),"") -> 2 | AD17: 46 | AE17: 3 | AF17: {=_xlfn.IFS((AE17>AC17),(AC17*2),(AE17<=AC17),(AE17*2))} -> 4 | AH17: =SUM(O17,T17,Y17,AD17) -> 95 | AI17: =SUM(P17,U17,Z17,AE17) -> 3 | AJ17: =SUM(Q17,V17,AA17,AF17) -> 4 | AK17: =IF(L17-AH17-Q17-V17-AA17-AF17>0,L17-AH17-Q17-V17-AA17-AF17,0) -> 0 | AL17: =IF(L17-O17-Q17-T17-V17-Y17-AA17-AD17-AF17<0,L17-O17-Q17-T17-V17-Y17-AA17-AD17-AF17,0) -> -3 | AM17: manutenção | AN17: =VLOOKUP(C17,'[2]MARÇO-2024'!$B:$M,12,0) -> 94 | AO17: =AN17-AH17 -> -1 | AP17: =IF(AH17>L17,"Qt de aluno maior que a meta","")
A18: 2 | B18: 8 | C18: 2010 | D18: 33113777 | E18: 29014008000199 | F18: 020430 | G18: CP CRECHE PATINHO FELIZ | H18: CRECHE PATINHO FELIZ | I18: INATOS - INSTITUTO NACIONAL DE ASSIS. TRABALHO, OPORTUNIDADES E SAÚDE | J18: RUA ARMANDO DE ALBUQUERQUE, 168 | K18: VILA ISABEL | L18: 170 | N18: =IFERROR(VLOOKUP(O18,Apoio!A:B,2,0),"") | O18: =IFERROR(VLOOKUP(C18,'[1]TB DIN'!$B:$D,3,0),"AGUARDANDO ANEXO") -> 0 | P18: =IFERROR(VLOOKUP(C18,'[1]TB DIN INCLUIDOS'!$B:$H,3,0),"AGUARDANDO ANEXO") -> 0 | Q18: {=_xlfn.IFS((P18>N18),(N18*2),(P18<=N18),(P18*2))} -> 0 | S18: =IFERROR(VLOOKUP(T18,Apoio!A:B,2,0),"") -> 3 | T18: =IFERROR(VLOOKUP(C18,'[1]TB DIN'!$B:$H,4,0),"AGUARDANDO ANEXO") -> 57 | U18: =IFERROR(VLOOKUP(C18,'[1]TB DIN INCLUIDOS'!$B:$H,4,0),"AGUARDANDO ANEXO") -> 1 | V18: {=_xlfn.IFS((U18>S18),(S18*2),(U18<=S18),(U18*2))} -> 2 | X18: =IFERROR(VLOOKUP(Y18,Apoio!A:B,2,0),"") -> 3 | Y18: 60 | Z18: 1 | AA18: {=_xlfn.IFS((Z18>X18),(X18*2),(Z18<=X18),(Z18*2))} -> 2 | AC18: =IFERROR(VLOOKUP(AD18,Apoio!A:B,2,0),"") -> 3 | AD18: =IFERROR(VLOOKUP(C18,'[1]TB DIN'!$B:$H,6,0),"AGUARDANDO ANEXO") -> 54 | AE18: 2 | AF18: {=_xlfn.IFS((AE18>AC18),(AC18*2),(AE18<=AC18),(AE18*2))} -> 4 | AH18: =SUM(O18,T18,Y18,AD18) -> 171 | AI18: =SUM(P18,U18,Z18,AE18) -> 4 | AJ18: =SUM(Q18,V18,AA18,AF18) -> 8 | AK18: =IF(L18-AH18-Q18-V18-AA18-AF18>0,L18-AH18-Q18-V18-AA18-AF18,0) -> 0 | AL18: =IF(L18-O18-Q18-T18-V18-Y18-AA18-AD18-AF18<0,L18-O18-Q18-T18-V18-Y18-AA18-AD18-AF18,0) -> -9 | AM18: manutenção | AN18: =VLOOKUP(C18,'[2]MARÇO-2024'!$B:$M,12,0) -> 170 | AO18: =AN18-AH18 -> -1 | AP18: =IF(AH18>L18,"Qt de aluno maior que a meta","") -> Qt de aluno maior que a meta
A19: 2 | B19: 9 | C19: 2011 | D19: 33114404 | E19: 33585407000187 | F19: 020373 | G19: CP SOCIEDADE CIVIL DE ASSISTÊNCIA A MENORES - CASA DA DINDA | H19: SOCIEDADE CIVIL DE ASSISTÊNCIA A MENORES - CASA DA DINDA | I19: SOCIEDADE CIVIL DE ASSISTÊNCIA A MENORES - CASA DA DINDA | J19: RUA PETROCOCHINO, 74 | K19: VILA ISABEL | L19: 45 | N19: =IFERROR(VLOOKUP(O19,Apoio!A:B,2,0),"") | O19: =IFERROR(VLOOKUP(C19,'[1]TB DIN'!$B:$D,3,0),"AGUARDANDO ANEXO") -> 0 | P19: =IFERROR(VLOOKUP(C19,'[1]TB DIN INCLUIDOS'!$B:$H,3,0),"AGUARDANDO ANEXO") -> 0 | Q19: {=_xlfn.IFS((P19>N19),(N19*2),(P19<=N19),(P19*2))} -> 0 | S19: =IFERROR(VLOOKUP(T19,Apoio!A:B,2,0),"") -> 1 | T19: =IFERROR(VLOOKUP(C19,'[1]TB DIN'!$B:$H,4,0),"AGUARDANDO ANEXO") -> 17 | U19: =IFERROR(VLOOKUP(C19,'[1]TB DIN INCLUIDOS'!$B:$H,4,0),"AGUARDANDO ANEXO") -> 0 | V19: {=_xlfn.IFS((U19>S19),(S19*2),(U19<=S19),(U19*2))} -> 0 | X19: =IFERROR(VLOOKUP(Y19,Apoio!A:B,2,0),"") -> 1 | Y19: 17 | Z19: =IFERROR(VLOOKUP(C19,'[1]TB DIN INCLUIDOS'!$B:$H,5,0),"AGUARDANDO ANEXO") -> 0 | AA19: {=_xlfn.IFS((Z19>X19),(X19*2),(Z19<=X19),(Z19*2))} -> 0 | AC19: =IFERROR(VLOOKUP(AD19,Apoio!A:B,2,0),"") -> 1 | AD19: =IFERROR(VLOOKUP(C19,'[1]TB DIN'!$B:$H,6,0),"AGUARDANDO ANEXO") -> 11 | AE19: 2 | AF19: {=_xlfn.IFS((AE19>AC19),(AC19*2),(AE19<=AC19),(AE19*2))} -> 2 | AH19: =SUM(O19,T19,Y19,AD19) -> 45 | AI19: =SUM(P19,U19,Z19,AE19) -> 2 | AJ19: =SUM(Q19,V19,AA19,AF19) -> 2 | AK19: =IF(L19-AH19-Q19-V19-AA19-AF19>0,L19-AH19-Q19-V19-AA19-AF19,0) -> 0 | AL19: =IF(L19-O19-Q19-T19-V19-Y19-AA19-AD19-AF19<0,L19-O19-Q19-T19-V19-Y19-AA19-AD19-AF19,0) -> -2 | AM19: manutenção | AN19: =VLOOKUP(C19,'[2]MARÇO-2024'!$B:$M,12,0) -> 45 | AO19: =AN19-AH19 -> 0 | AP19: =IF(AH19>L19,"Qt de aluno maior que a meta","")
A20: 2 | B20: 10 | C20: 2012 | D20: 33114455 | E20: 73791337000138 | F20: 020454 | G20: CP GRUPO COMUNITÁRIO CRECHE ESCOLA TIA MAURA | H20: GRUPO COMUNITÁRIO CRECHE ESCOLA TIA MAURA | I20: GRUPO COMUNITÁRIO CRECHE ESCOLA TIA MAURA | J20: ESTR. DAS CANOAS, 720 | K20: SÃO CONRADO | L20: 70 | N20: =IFERROR(VLOOKUP(O20,Apoio!A:B,2,0),"") | O20: =IFERROR(VLOOKUP(C20,'[1]TB DIN'!$B:$D,3,0),"AGUARDANDO ANEXO") -> 0 | P20: =IFERROR(VLOOKUP(C20,'[1]TB DIN INCLUIDOS'!$B:$H,3,0),"AGUARDANDO ANEXO") -> 0 | Q20: {=_xlfn.IFS((P20>N20),(N20*2),(P20<=N20),(P20*2))} -> 0 | S20: =IFERROR(VLOOKUP(T20,Apoio!A:B,2,0),"") -> 1 | T20: =IFERROR(VLOOKUP(C20,'[1]TB DIN'!$B:$H,4,0),"AGUARDANDO ANEXO") -> 24 | U20: =IFERROR(VLOOKUP(C20,'[1]TB DIN INCLUIDOS'!$B:$H,4,0),"AGUARDANDO ANEXO") -> 0 | V20: {=_xlfn.IFS((U20>S20),(S20*2),(U20<=S20),(U20*2))} -> 0 | X20: =IFERROR(VLOOKUP(Y20,Apoio!A:B,2,0),"") -> 1 | Y20: =IFERROR(VLOOKUP(C20,'[1]TB DIN'!$B:$H,5,0),"AGUARDANDO ANEXO") -> 20 | Z20: =IFERROR(VLOOKUP(C20,'[1]TB DIN INCLUIDOS'!$B:$H,5,0),"AGUARDANDO ANEXO") -> 0 | AA20: {=_xlfn.IFS((Z20>X20),(X20*2),(Z20<=X20),(Z20*2))} -> 0 | AC20: =IFERROR(VLOOKUP(AD20,Apoio!A:B,2,0),"") -> 2 | AD20: =IFERROR(VLOOKUP(C20,'[1]TB DIN'!$B:$H,6,0),"AGUARDANDO ANEXO") -> 26 | AE20: =IFERROR(VLOOKUP(C20,'[1]TB DIN INCLUIDOS'!$B:$H,6,0),"AGUARDANDO ANEXO") -> 0 | AF20: {=_xlfn.IFS((AE20>AC20),(AC20*2),(AE20<=AC20),(AE20*2))} -> 0 | AH20: =SUM(O20,T20,Y20,AD20) -> 70 | AI20: =SUM(P20,U20,Z20,AE20) -> 0 | AJ20: =SUM(Q20,V20,AA20,AF20) -> 0 | AK20: =IF(L20-AH20-Q20-V20-AA20-AF20>0,L20-AH20-Q20-V20-AA20-AF20,0) -> 0 | AL20: =IF(L20-O20-Q20-T20-V20-Y20-AA20-AD20-AF20<0,L20-O20-Q20-T20-V20-Y20-AA20-AD20-AF20,0) -> 0 | AM20: manutenção | AN20: =VLOOKUP(C20,'[2]MARÇO-2024'!$B:$M,12,0) -> 70 | AO20: =AN20-AH20 -> 0 | AP20: =IF(AH20>L20,"Qt de aluno maior que a meta","")
A21: 2 | B21: 11 | C21: 2013 | D21: 33114480 | E21: 74032871000123 | F21: 020114 | G21: CP CENTRO DE EDUCAÇÃO INFANTIL CRISTO REDENTOR | H21: CENTRO DE EDUCAÇÃO INFANTIL CRISTO REDENTOR | I21: ASSOCIAÇÃO PALOTINA | J21: RUA INDIANA, 59 | K21: COSME VELHO | L21: 65 | N21: =IFERROR(VLOOKUP(O21,Apoio!A:B,2,0),"") | O21: =IFERROR(VLOOKUP(C21,'[1]TB DIN'!$B:$D,3,0),"AGUARDANDO ANEXO") -> 0 | P21: =IFERROR(VLOOKUP(C21,'[1]TB DIN INCLUIDOS'!$B:$H,3,0),"AGUARDANDO ANEXO") -> 0 | Q21: {=_xlfn.IFS((P21>N21),(N21*2),(P21<=N21),(P21*2))} -> 0 | S21: =IFERROR(VLOOKUP(T21,Apoio!A:B,2,0),"") | T21: =IFERROR(VLOOKUP(C21,'[1]TB DIN'!$B:$H,4,0),"AGUARDANDO ANEXO") -> 0 | U21: =IFERROR(VLOOKUP(C21,'[1]TB DIN INCLUIDOS'!$B:$H,4,0),"AGUARDANDO ANEXO") -> 0 | V21: {=_xlfn.IFS((U21>S21),(S21*2),(U21<=S21),(U21*2))} -> 0 | X21: =IFERROR(VLOOKUP(Y21,Apoio!A:B,2,0),"") -> 2 | Y21: =IFERROR(VLOOKUP(C21,'[1]TB DIN'!$B:$H,5,0),"AGUARDANDO ANEXO") -> 32 | Z21: =IFERROR(VLOOKUP(C21,'[1]TB DIN INCLUIDOS'!$B:$H,5,0),"AGUARDANDO ANEXO") -> 0 | AA21: {=_xlfn.IFS((Z21>X21),(X21*2),(Z21<=X21),(Z21*2))} -> 0 | AC21: =IFERROR(VLOOKUP(AD21,Apoio!A:B,2,0),"") -> 2 | AD21: =IFERROR(VLOOKUP(C21,'[1]TB DIN'!$B:$H,6,0),"AGUARDANDO ANEXO") -> 27 | AE21: =IFERROR(VLOOKUP(C21,'[1]TB DIN INCLUIDOS'!$B:$H,6,0),"AGUARDANDO ANEXO") -> 0 | AF21: {=_xlfn.IFS((AE21>AC21),(AC21*2),(AE21<=AC21),(AE21*2))} -> 0 | AH21: =SUM(O21,T21,Y21,AD21) -> 59 | AI21: =SUM(P21,U21,Z21,AE21) -> 0 | AJ21: =SUM(Q21,V21,AA21,AF21) -> 0 | AK21: =IF(L21-AH21-Q21-V21-AA21-AF21>0,L21-AH21-Q21-V21-AA21-AF21,0) -> 6 | AL21: =IF(L21-O21-Q21-T21-V21-Y21-AA21-AD21-AF21<0,L21-O21-Q21-T21-V21-Y21-AA21-AD21-AF21,0) -> 0 | AM21: manutenção | AN21: =VLOOKUP(C21,'[2]MARÇO-2024'!$B:$M,12,0) -> 61 | AO21: =AN21-AH21 -> 2 | AP21: =IF(AH21>L21,"Qt de aluno maior que a meta","")
A22: 2 | B22: 12 | C22: 2014 | D22: 33114501 | E22: 34056630000108 | F22: 020461 | G22: CP CRUZADA PELA INFÂNCIA DO LEME | H22: CRUZADA PELA INFÂNCIA DO LEME | I22: CRUZADA PELA INFÂNCIA DO LEME | J22: RUA COELHO CINTRA, 380 | K22: COPACABANA | L22: 60 | N22: =IFERROR(VLOOKUP(O22,Apoio!A:B,2,0),"") | O22: =IFERROR(VLOOKUP(C22,'[1]TB DIN'!$B:$D,3,0),"AGUARDANDO ANEXO") -> 0 | P22: =IFERROR(VLOOKUP(C22,'[1]TB DIN INCLUIDOS'!$B:$H,3,0),"AGUARDANDO ANEXO") -> 0 | Q22: {=_xlfn.IFS((P22>N22),(N22*2),(P22<=N22),(P22*2))} -> 0 | S22: =IFERROR(VLOOKUP(T22,Apoio!A:B,2,0),"") -> 1 | T22: =IFERROR(VLOOKUP(C22,'[1]TB DIN'!$B:$H,4,0),"AGUARDANDO ANEXO") -> 21 | U22: =IFERROR(VLOOKUP(C22,'[1]TB DIN INCLUIDOS'!$B:$H,4,0),"AGUARDANDO ANEXO") -> 0 | V22: {=_xlfn.IFS((U22>S22),(S22*2),(U22<=S22),(U22*2))} -> 0 | X22: =IFERROR(VLOOKUP(Y22,Apoio!A:B,2,0),"") -> 1 | Y22: 22 | Z22: =IFERROR(VLOOKUP(C22,'[1]TB DIN INCLUIDOS'!$B:$H,5,0),"AGUARDANDO ANEXO") -> 0 | AA22: {=_xlfn.IFS((Z22>X22),(X22*2),(Z22<=X22),(Z22*2))} -> 0 | AC22: =IFERROR(VLOOKUP(AD22,Apoio!A:B,2,0),"") -> 1 | AD22: =IFERROR(VLOOKUP(C22,'[1]TB DIN'!$B:$H,6,0),"AGUARDANDO ANEXO") -> 15 | AE22: =IFERROR(VLOOKUP(C22,'[1]TB DIN INCLUIDOS'!$B:$H,6,0),"AGUARDANDO ANEXO") -> 2 | AF22: {=_xlfn.IFS((AE22>AC22),(AC22*2),(AE22<=AC22),(AE22*2))} -> 2 | AH22: =SUM(O22,T22,Y22,AD22) -> 58 | AI22: =SUM(P22,U22,Z22,AE22) -> 2 | AJ22: =SUM(Q22,V22,AA22,AF22) -> 2 | AK22: =IF(L22-AH22-Q22-V22-AA22-AF22>0,L22-AH22-Q22-V22-AA22-AF22,0) -> 0 | AL22: =IF(L22-O22-Q22-T22-V22-Y22-AA22-AD22-AF22<0,L22-O22-Q22-T22-V22-Y22-AA22-AD22-AF22,0) -> 0 | AM22: manutenção | AN22: =VLOOKUP(C22,'[2]MARÇO-2024'!$B:$M,12,0) -> 58 | AO22: =AN22-AH22 -> 0 | AP22: =IF(AH22>L22,"Qt de aluno maior que a meta","")
A23: 2 | B23: 13 | C23: 2015 | D23: 33114552 | E23: 34030585000104 | F23: 020087 | G23: CP CRECHE SANT ANNA | H23: CRECHE SANT’ANNA | I23: OBRA SOCIAL CRISTO REDENTOR | J23: RUA PROFESSOR LUIZ CANTANHEDE, 25 | K23: LARANJEIRAS | L23: 72 | N23: =IFERROR(VLOOKUP(O23,Apoio!A:B,2,0),"") | O23: =IFERROR(VLOOKUP(C23,'[1]TB DIN'!$B:$D,3,0),"AGUARDANDO ANEXO") -> 0 | P23: =IFERROR(VLOOKUP(C23,'[1]TB DIN INCLUIDOS'!$B:$H,3,0),"AGUARDANDO ANEXO") -> 0 | Q23: {=_xlfn.IFS((P23>N23),(N23*2),(P23<=N23),(P23*2))} -> 0 | S23: =IFERROR(VLOOKUP(T23,Apoio!A:B,2,0),"") | T23: =IFERROR(VLOOKUP(C23,'[1]TB DIN'!$B:$H,4,0),"AGUARDANDO ANEXO") -> 0 | U23: =IFERROR(VLOOKUP(C23,'[1]TB DIN INCLUIDOS'!$B:$H,4,0),"AGUARDANDO ANEXO") -> 0 | V23: {=_xlfn.IFS((U23>S23),(S23*2),(U23<=S23),(U23*2))} -> 0 | X23: =IFERROR(VLOOKUP(Y23,Apoio!A:B,2,0),"") -> 2 | Y23: =IFERROR(VLOOKUP(C23,'[1]TB DIN'!$B:$H,5,0),"AGUARDANDO ANEXO") -> 27 | Z23: 1 | AA23: {=_xlfn.IFS((Z23>X23),(X23*2),(Z23<=X23),(Z23*2))} -> 2 | AC23: =IFERROR(VLOOKUP(AD23,Apoio!A:B,2,0),"") -> 2 | AD23: =IFERROR(VLOOKUP(C23,'[1]TB DIN'!$B:$H,6,0),"AGUARDANDO ANEXO") -> 45 | AE23: =IFERROR(VLOOKUP(C23,'[1]TB DIN INCLUIDOS'!$B:$H,6,0),"AGUARDANDO ANEXO") -> 1 | AF23: {=_xlfn.IFS((AE23>AC23),(AC23*2),(AE23<=AC23),(AE23*2))} -> 2 | AH23: =SUM(O23,T23,Y23,AD23) -> 72 | AI23: =SUM(P23,U23,Z23,AE23) -> 2 | AJ23: =SUM(Q23,V23,AA23,AF23) -> 4 | AK23: =IF(L23-AH23-Q23-V23-AA23-AF23>0,L23-AH23-Q23-V23-AA23-AF23,0) -> 0 | AL23: =IF(L23-O23-Q23-T23-V23-Y23-AA23-AD23-AF23<0,L23-O23-Q23-T23-V23-Y23-AA23-AD23-AF23,0) -> -4 | AM23: manutenção | AN23: =VLOOKUP(C23,'[2]MARÇO-2024'!$B:$M,12,0) -> 72 | AO23: =AN23-AH23 -> 0 | AP23: =IF(AH23>L23,"Qt de aluno maior que a meta","")
A24: 2 | B24: 14 | C24: 2016 | D24: 33116113 | E24: 33727009000158 | F24: 020187 | G24: CP CASA MATERNAL MELLO MATTOS | H24: CASA MATERNAL MELLO MATTOS | I24: ASSOCIAÇÃO TUTELAR DE MENORES | J24: RUA FARO, 80 | K24: JARDIM BOTÂNICO | L24: 120 | N24: =IFERROR(VLOOKUP(O24,Apoio!A:B,2,0),"") | O24: =IFERROR(VLOOKUP(C24,'[1]TB DIN'!$B:$D,3,0),"AGUARDANDO ANEXO") -> 0 | P24: =IFERROR(VLOOKUP(C24,'[1]TB DIN INCLUIDOS'!$B:$H,3,0),"AGUARDANDO ANEXO") -> 0 | Q24: {=_xlfn.IFS((P24>N24),(N24*2),(P24<=N24),(P24*2))} -> 0 | S24: =IFERROR(VLOOKUP(T24,Apoio!A:B,2,0),"") -> 2 | T24: 29 | U24: =IFERROR(VLOOKUP(C24,'[1]TB DIN INCLUIDOS'!$B:$H,4,0),"AGUARDANDO ANEXO") -> 0 | V24: {=_xlfn.IFS((U24>S24),(S24*2),(U24<=S24),(U24*2))} -> 0 | X24: =IFERROR(VLOOKUP(Y24,Apoio!A:B,2,0),"") -> 2 | Y24: 34 | Z24: =IFERROR(VLOOKUP(C24,'[1]TB DIN INCLUIDOS'!$B:$H,5,0),"AGUARDANDO ANEXO") -> 0 | AA24: {=_xlfn.IFS((Z24>X24),(X24*2),(Z24<=X24),(Z24*2))} -> 0 | AC24: =IFERROR(VLOOKUP(AD24,Apoio!A:B,2,0),"") -> 2 | AD24: =IFERROR(VLOOKUP(C24,'[1]TB DIN'!$B:$H,6,0),"AGUARDANDO ANEXO") -> 36 | AE24: 2 | AF24: {=_xlfn.IFS((AE24>AC24),(AC24*2),(AE24<=AC24),(AE24*2))} -> 4 | AH24: =SUM(O24,T24,Y24,AD24) -> 99 | AI24: =SUM(P24,U24,Z24,AE24) -> 2 | AJ24: =SUM(Q24,V24,AA24,AF24) -> 4 | AK24: =IF(L24-AH24-Q24-V24-AA24-AF24>0,L24-AH24-Q24-V24-AA24-AF24,0) -> 17 | AL24: =IF(L24-O24-Q24-T24-V24-Y24-AA24-AD24-AF24<0,L24-O24-Q24-T24-V24-Y24-AA24-AD24-AF24,0) -> 0 | AM24: manutenção c/ redução da meta | AN24: =VLOOKUP(C24,'[2]MARÇO-2024'!$B:$M,12,0) -> 95 | AO24: =AN24-AH24 -> -4 | AP24: =IF(AH24>L24,"Qt de aluno maior que a meta","")
A25: 2 | B25: 15 | C25: 2018 | D25: 33117870 | E25: 34125450000122 | F25: 020453 | G25: CP FUNDAÇÃO CASA SANTA IGNEZ | H25: FUNDAÇÃO CASA SANTA IGNEZ | I25: FUNDAÇÃO CASA SANTA IGNEZ | J25: RUA MERY PESSOA,91 | K25: GÁVEA | L25: 96 | N25: =IFERROR(VLOOKUP(O25,Apoio!A:B,2,0),"") | O25: =IFERROR(VLOOKUP(C25,'[1]TB DIN'!$B:$D,3,0),"AGUARDANDO ANEXO") -> 0 | P25: =IFERROR(VLOOKUP(C25,'[1]TB DIN INCLUIDOS'!$B:$H,3,0),"AGUARDANDO ANEXO") -> 0 | Q25: {=_xlfn.IFS((P25>N25),(N25*2),(P25<=N25),(P25*2))} -> 0 | S25: =IFERROR(VLOOKUP(T25,Apoio!A:B,2,0),"") | T25: =IFERROR(VLOOKUP(C25,'[1]TB DIN'!$B:$H,4,0),"AGUARDANDO ANEXO") -> 0 | U25: =IFERROR(VLOOKUP(C25,'[1]TB DIN INCLUIDOS'!$B:$H,4,0),"AGUARDANDO ANEXO") -> 0 | V25: {=_xlfn.IFS((U25>S25),(S25*2),(U25<=S25),(U25*2))} -> 0 | X25: =IFERROR(VLOOKUP(Y25,Apoio!A:B,2,0),"") -> 2 | Y25: =IFERROR(VLOOKUP(C25,'[1]TB DIN'!$B:$H,5,0),"AGUARDANDO ANEXO") -> 45 | Z25: =IFERROR(VLOOKUP(C25,'[1]TB DIN INCLUIDOS'!$B:$H,5,0),"AGUARDANDO ANEXO") -> 0 | AA25: {=_xlfn.IFS((Z25>X25),(X25*2),(Z25<=X25),(Z25*2))} -> 0 | AC25: =IFERROR(VLOOKUP(AD25,Apoio!A:B,2,0),"") -> 2 | AD25: 48 | AE25: =IFERROR(VLOOKUP(C25,'[1]TB DIN INCLUIDOS'!$B:$H,6,0),"AGUARDANDO ANEXO") -> 3 | AF25: {=_xlfn.IFS((AE25>AC25),(AC25*2),(AE25<=AC25),(AE25*2))} -> 4 | AH25: =SUM(O25,T25,Y25,AD25) -> 93 | AI25: =SUM(P25,U25,Z25,AE25) -> 3 | AJ25: =SUM(Q25,V25,AA25,AF25) -> 4 | AK25: =IF(L25-AH25-Q25-V25-AA25-AF25>0,L25-AH25-Q25-V25-AA25-AF25,0) -> 0 | AL25: =IF(L25-O25-Q25-T25-V25-Y25-AA25-AD25-AF25<0,L25-O25-Q25-T25-V25-Y25-AA25-AD25-AF25,0) -> -1 | AM25: manutenção | AN25: =VLOOKUP(C25,'[2]MARÇO-2024'!$B:$M,12,0) -> 94 | AO25: =AN25-AH25 -> 1 | AP25: =IF(AH25>L25,"Qt de aluno maior que a meta","")
A26: 2 | B26: 16 | C26: 2019 | D26: 33120927 | E26: 29259850000190 | F26: 020467 | G26: CP UNIDAS - OBRAS SOCIAIS UNIDAS DE SANTA MARTA | H26: UNIDAS - OBRAS SOCIAIS UNIDAS DE SANTA MARTA | I26: OBRAS SOCIAIS UNIDAS DE SANTA MARTA | J26: BECO DO JABUTI, 09 - MORRO SANTA MARTA | K26: BOTAFOGO | L26: 60 | N26: =IFERROR(VLOOKUP(O26,Apoio!A:B,2,0),"") | O26: =IFERROR(VLOOKUP(C26,'[1]TB DIN'!$B:$D,3,0),"AGUARDANDO ANEXO") -> 0 | P26: =IFERROR(VLOOKUP(C26,'[1]TB DIN INCLUIDOS'!$B:$H,3,0),"AGUARDANDO ANEXO") -> 0 | Q26: {=_xlfn.IFS((P26>N26),(N26*2),(P26<=N26),(P26*2))} -> 0 | S26: =IFERROR(VLOOKUP(T26,Apoio!A:B,2,0),"") -> 1 | T26: =IFERROR(VLOOKUP(C26,'[1]TB DIN'!$B:$H,4,0),"AGUARDANDO ANEXO") -> 18 | U26: =IFERROR(VLOOKUP(C26,'[1]TB DIN INCLUIDOS'!$B:$H,4,0),"AGUARDANDO ANEXO") -> 0 | V26: {=_xlfn.IFS((U26>S26),(S26*2),(U26<=S26),(U26*2))} -> 0 | X26: =IFERROR(VLOOKUP(Y26,Apoio!A:B,2,0),"") -> 1 | Y26: 21 | Z26: =IFERROR(VLOOKUP(C26,'[1]TB DIN INCLUIDOS'!$B:$H,5,0),"AGUARDANDO ANEXO") -> 0 | AA26: {=_xlfn.IFS((Z26>X26),(X26*2),(Z26<=X26),(Z26*2))} -> 0 | AC26: =IFERROR(VLOOKUP(AD26,Apoio!A:B,2,0),"") -> 1 | AD26: 17 | AE26: =IFERROR(VLOOKUP(C26,'[1]TB DIN INCLUIDOS'!$B:$H,6,0),"AGUARDANDO ANEXO") -> 0 | AF26: {=_xlfn.IFS((AE26>AC26),(AC26*2),(AE26<=AC26),(AE26*2))} -> 0 | AH26: =SUM(O26,T26,Y26,AD26) -> 56 | AI26: =SUM(P26,U26,Z26,AE26) -> 0 | AJ26: =SUM(Q26,V26,AA26,AF26) -> 0 | AK26: =IF(L26-AH26-Q26-V26-AA26-AF26>0,L26-AH26-Q26-V26-AA26-AF26,0) -> 4 | AL26: =IF(L26-O26-Q26-T26-V26-Y26-AA26-AD26-AF26<0,L26-O26-Q26-T26-V26-Y26-AA26-AD26-AF26,0) -> 0 | AM26: manutenção | AN26: =VLOOKUP(C26,'[2]MARÇO-2024'!$B:$M,12,0) -> 57 | AO26: =AN26-AH26 -> 1 | AP26: =IF(AH26>L26,"Qt de aluno maior que a meta","")
A27: 2 | B27: 17 | C27: 2020 | D27: 33120951 | E27: 34036194000105 | F27: 020457 | G27: CP CASA ESPÍRITA CRISTÃ MARIA DE NAZARÉ | H27: CASA ESPÍRITA CRISTÃ MARIA DE NAZARÉ | I27: CASA ESPÍRITA CRISTÃ MARIA DE NAZARÉ | J27: ESTR. DA GÁVEA, 262, QUARTEIRÃO 21, R. UM S/Nº | K27: ROCINHA | L27: 120 | N27: =IFERROR(VLOOKUP(O27,Apoio!A:B,2,0),"") -> 1 | O27: =IFERROR(VLOOKUP(C27,'[1]TB DIN'!$B:$D,3,0),"AGUARDANDO ANEXO") -> 11 | P27: =IFERROR(VLOOKUP(C27,'[1]TB DIN INCLUIDOS'!$B:$H,3,0),"AGUARDANDO ANEXO") -> 0 | Q27: {=_xlfn.IFS((P27>N27),(N27*2),(P27<=N27),(P27*2))} -> 0 | S27: =IFERROR(VLOOKUP(T27,Apoio!A:B,2,0),"") -> 2 | T27: =IFERROR(VLOOKUP(C27,'[1]TB DIN'!$B:$H,4,0),"AGUARDANDO ANEXO") -> 32 | U27: =IFERROR(VLOOKUP(C27,'[1]TB DIN INCLUIDOS'!$B:$H,4,0),"AGUARDANDO ANEXO") -> 0 | V27: {=_xlfn.IFS((U27>S27),(S27*2),(U27<=S27),(U27*2))} -> 0 | X27: =IFERROR(VLOOKUP(Y27,Apoio!A:B,2,0),"") -> 2 | Y27: =IFERROR(VLOOKUP(C27,'[1]TB DIN'!$B:$H,5,0),"AGUARDANDO ANEXO") -> 43 | Z27: =IFERROR(VLOOKUP(C27,'[1]TB DIN INCLUIDOS'!$B:$H,5,0),"AGUARDANDO ANEXO") -> 0 | AA27: {=_xlfn.IFS((Z27>X27),(X27*2),(Z27<=X27),(Z27*2))} -> 0 | AC27: =IFERROR(VLOOKUP(AD27,Apoio!A:B,2,0),"") -> 2 | AD27: =IFERROR(VLOOKUP(C27,'[1]TB DIN'!$B:$H,6,0),"AGUARDANDO ANEXO") -> 34 | AE27: =IFERROR(VLOOKUP(C27,'[1]TB DIN INCLUIDOS'!$B:$H,6,0),"AGUARDANDO ANEXO") -> 0 | AF27: {=_xlfn.IFS((AE27>AC27),(AC27*2),(AE27<=AC27),(AE27*2))} -> 0 | AH27: =SUM(O27,T27,Y27,AD27) -> 120 | AI27: =SUM(P27,U27,Z27,AE27) -> 0 | AJ27: =SUM(Q27,V27,AA27,AF27) -> 0 | AK27: =IF(L27-AH27-Q27-V27-AA27-AF27>0,L27-AH27-Q27-V27-AA27-AF27,0) -> 0 | AL27: =IF(L27-O27-Q27-T27-V27-Y27-AA27-AD27-AF27<0,L27-O27-Q27-T27-V27-Y27-AA27-AD27-AF27,0) -> 0 | AM27: manutenção | AN27: =VLOOKUP(C27,'[2]MARÇO-2024'!$B:$M,12,0) -> 120 | AO27: =AN27-AH27 -> 0 | AP27: =IF(AH27>L27,"Qt de aluno maior que a meta","")
A28: 2 | B28: 18 | C28: 2022 | D28: 33121940 | E28: 33593575027314 | F28: 020477 | G28: CP CRECHE CHAPEUZINHO MARROM | H28: CRECHE CHAPEUZINHO MARROM | I28: MITRA ARQUIEPISCOPAL DO RIO DE JANEIRO | J28: RUA JOAQUIM PIZARRO,63 | K28: TURANO / RIO COMPRIDO | L28: 42 | N28: =IFERROR(VLOOKUP(O28,Apoio!A:B,2,0),"") | O28: =IFERROR(VLOOKUP(C28,'[1]TB DIN'!$B:$D,3,0),"AGUARDANDO ANEXO") -> 0 | P28: =IFERROR(VLOOKUP(C28,'[1]TB DIN INCLUIDOS'!$B:$H,3,0),"AGUARDANDO ANEXO") -> 0 | Q28: {=_xlfn.IFS((P28>N28),(N28*2),(P28<=N28),(P28*2))} -> 0 | S28: =IFERROR(VLOOKUP(T28,Apoio!A:B,2,0),"") | T28: =IFERROR(VLOOKUP(C28,'[1]TB DIN'!$B:$H,4,0),"AGUARDANDO ANEXO") -> 0 | U28: =IFERROR(VLOOKUP(C28,'[1]TB DIN INCLUIDOS'!$B:$H,4,0),"AGUARDANDO ANEXO") -> 0 | V28: {=_xlfn.IFS((U28>S28),(S28*2),(U28<=S28),(U28*2))} -> 0 | X28: =IFERROR(VLOOKUP(Y28,Apoio!A:B,2,0),"") -> 1 | Y28: 21 | Z28: =IFERROR(VLOOKUP(C28,'[1]TB DIN INCLUIDOS'!$B:$H,5,0),"AGUARDANDO ANEXO") -> 0 | AA28: {=_xlfn.IFS((Z28>X28),(X28*2),(Z28<=X28),(Z28*2))} -> 0 | AC28: =IFERROR(VLOOKUP(AD28,Apoio!A:B,2,0),"") -> 1 | AD28: 21 | AE28: =IFERROR(VLOOKUP(C28,'[1]TB DIN INCLUIDOS'!$B:$H,6,0),"AGUARDANDO ANEXO") -> 0 | AF28: {=_xlfn.IFS((AE28>AC28),(AC28*2),(AE28<=AC28),(AE28*2))} -> 0 | AH28: =SUM(O28,T28,Y28,AD28) -> 42 | AI28: =SUM(P28,U28,Z28,AE28) -> 0 | AJ28: =SUM(Q28,V28,AA28,AF28) -> 0 | AK28: =IF(L28-AH28-Q28-V28-AA28-AF28>0,L28-AH28-Q28-V28-AA28-AF28,0) -> 0 | AL28: =IF(L28-O28-Q28-T28-V28-Y28-AA28-AD28-AF28<0,L28-O28-Q28-T28-V28-Y28-AA28-AD28-AF28,0) -> 0 | AM28: manutenção | AN28: =VLOOKUP(C28,'[2]MARÇO-2024'!$B:$M,12,0) -> 42 | AO28: =AN28-AH28 -> 0 | AP28: =IF(AH28>L28,"Qt de aluno maior que a meta","")
A29: 2 | B29: 19 | C29: 2024 | D29: 33122024 | E29: 31660004000120 | F29: 020444 | G29: CP CRECHE ESCADINHA DO SABER | H29: CRECHE ESCADINHA DO SABER | I29: ASSOCIAÇÃO DE MORADORES DO TIJUAÇU - AMOTI | J29: ESTR. DO TIJUAÇU, 32 | K29: ALTO DA BOA VISTA | L29: 45 | N29: =IFERROR(VLOOKUP(O29,Apoio!A:B,2,0),"") | O29: =IFERROR(VLOOKUP(C29,'[1]TB DIN'!$B:$D,3,0),"AGUARDANDO ANEXO") -> 0 | P29: =IFERROR(VLOOKUP(C29,'[1]TB DIN INCLUIDOS'!$B:$H,3,0),"AGUARDANDO ANEXO") -> 0 | Q29: {=_xlfn.IFS((P29>N29),(N29*2),(P29<=N29),(P29*2))} -> 0 | S29: =IFERROR(VLOOKUP(T29,Apoio!A:B,2,0),"") | T29: =IFERROR(VLOOKUP(C29,'[1]TB DIN'!$B:$H,4,0),"AGUARDANDO ANEXO") -> 0 | U29: =IFERROR(VLOOKUP(C29,'[1]TB DIN INCLUIDOS'!$B:$H,4,0),"AGUARDANDO ANEXO") -> 0 | V29: {=_xlfn.IFS((U29>S29),(S29*2),(U29<=S29),(U29*2))} -> 0 | X29: =IFERROR(VLOOKUP(Y29,Apoio!A:B,2,0),"") -> 1 | Y29: 9 | Z29: =IFERROR(VLOOKUP(C29,'[1]TB DIN INCLUIDOS'!$B:$H,5,0),"AGUARDANDO ANEXO") -> 0 | AA29: {=_xlfn.IFS((Z29>X29),(X29*2),(Z29<=X29),(Z29*2))} -> 0 | AC29: =IFERROR(VLOOKUP(AD29,Apoio!A:B,2,0),"") -> 1 | AD29: =IFERROR(VLOOKUP(C29,'[1]TB DIN'!$B:$H,6,0),"AGUARDANDO ANEXO") -> 10 | AE29: =IFERROR(VLOOKUP(C29,'[1]TB DIN INCLUIDOS'!$B:$H,6,0),"AGUARDANDO ANEXO") -> 0 | AF29: {=_xlfn.IFS((AE29>AC29),(AC29*2),(AE29<=AC29),(AE29*2))} -> 0 | AH29: =SUM(O29,T29,Y29,AD29) -> 19 | AI29: =SUM(P29,U29,Z29,AE29) -> 0 | AJ29: =SUM(Q29,V29,AA29,AF29) -> 0 | AK29: =IF(L29-AH29-Q29-V29-AA29-AF29>0,L29-AH29-Q29-V29-AA29-AF29,0) -> 26 | AL29: =IF(L29-O29-Q29-T29-V29-Y29-AA29-AD29-AF29<0,L29-O29-Q29-T29-V29-Y29-AA29-AD29-AF29,0) -> 0 | AM29: manutenção | AN29: =VLOOKUP(C29,'[2]MARÇO-2024'!$B:$M,12,0) -> 18 | AO29: =AN29-AH29 -> -1 | AP29: =IF(AH29>L29,"Qt de aluno maior que a meta","")
A30: 2 | B30: 20 | C30: 2025 | D30: 33122229 | E30: 34031807000103 | F30: 20249 | G30: CP CRECHE BEZERRA DE MENEZES - BOTAFOGO | H30: CRECHE BEZERRA DE MENEZES (BOTAFOGO) | I30: CENTRO ESPÍRITA CRISTÓFILOS | J30: RUA MARTINS FERREIRA, 57 | K30: BOTAFOGO | L30: 50 | N30: =IFERROR(VLOOKUP(O30,Apoio!A:B,2,0),"") -> 1 | O30: =IFERROR(VLOOKUP(C30,'[1]TB DIN'!$B:$D,3,0),"AGUARDANDO ANEXO") -> 3 | P30: =IFERROR(VLOOKUP(C30,'[1]TB DIN INCLUIDOS'!$B:$H,3,0),"AGUARDANDO ANEXO") -> 0 | Q30: {=_xlfn.IFS((P30>N30),(N30*2),(P30<=N30),(P30*2))} -> 0 | S30: =IFERROR(VLOOKUP(T30,Apoio!A:B,2,0),"") -> 1 | T30: =IFERROR(VLOOKUP(C30,'[1]TB DIN'!$B:$H,4,0),"AGUARDANDO ANEXO") -> 9 | U30: =IFERROR(VLOOKUP(C30,'[1]TB DIN INCLUIDOS'!$B:$H,4,0),"AGUARDANDO ANEXO") -> 0 | V30: {=_xlfn.IFS((U30>S30),(S30*2),(U30<=S30),(U30*2))} -> 0 | X30: =IFERROR(VLOOKUP(Y30,Apoio!A:B,2,0),"") -> 1 | Y30: 16 | Z30: =IFERROR(VLOOKUP(C30,'[1]TB DIN INCLUIDOS'!$B:$H,5,0),"AGUARDANDO ANEXO") -> 0 | AA30: {=_xlfn.IFS((Z30>X30),(X30*2),(Z30<=X30),(Z30*2))} -> 0 | AC30: =IFERROR(VLOOKUP(AD30,Apoio!A:B,2,0),"") -> 1 | AD30: 19 | AE30: =IFERROR(VLOOKUP(C30,'[1]TB DIN INCLUIDOS'!$B:$H,6,0),"AGUARDANDO ANEXO") -> 1 | AF30: {=_xlfn.IFS((AE30>AC30),(AC30*2),(AE30<=AC30),(AE30*2))} -> 2 | AH30: =SUM(O30,T30,Y30,AD30) -> 47 | AI30: =SUM(P30,U30,Z30,AE30) -> 1 | AJ30: =SUM(Q30,V30,AA30,AF30) -> 2 | AK30: =IF(L30-AH30-Q30-V30-AA30-AF30>0,L30-AH30-Q30-V30-AA30-AF30,0) -> 1 | AL30: =IF(L30-O30-Q30-T30-V30-Y30-AA30-AD30-AF30<0,L30-O30-Q30-T30-V30-Y30-AA30-AD30-AF30,0) -> 0 | AM30: manutenção | AN30: =VLOOKUP(C30,'[2]MARÇO-2024'!$B:$M,12,0) -> 46 | AO30: =AN30-AH30 -> -1 | AP30: =IF(AH30>L30,"Qt de aluno maior que a meta","")
A31: 2 | B31: 21 | C31: 2026 | D31: 33122377 | E31: 68696962000160 | F31: 020436 | G31: CP CRECHE MONSENHOR FRANCA | H31: CRECHE MONSENHOR FRANCA | I31: INSTITUTO MISSIONÁRIO COMUNHÃO E PARTICIPAÇÃO | J31: RUA TAVARES BASTOS, 296 | K31: CATETE | L31: 50 | N31: =IFERROR(VLOOKUP(O31,Apoio!A:B,2,0),"") | O31: =IFERROR(VLOOKUP(C31,'[1]TB DIN'!$B:$D,3,0),"AGUARDANDO ANEXO") -> 0 | P31: =IFERROR(VLOOKUP(C31,'[1]TB DIN INCLUIDOS'!$B:$H,3,0),"AGUARDANDO ANEXO") -> 0 | Q31: {=_xlfn.IFS((P31>N31),(N31*2),(P31<=N31),(P31*2))} -> 0 | S31: =IFERROR(VLOOKUP(T31,Apoio!A:B,2,0),"") | T31: =IFERROR(VLOOKUP(C31,'[1]TB DIN'!$B:$H,4,0),"AGUARDANDO ANEXO") -> 0 | U31: =IFERROR(VLOOKUP(C31,'[1]TB DIN INCLUIDOS'!$B:$H,4,0),"AGUARDANDO ANEXO") -> 0 | V31: {=_xlfn.IFS((U31>S31),(S31*2),(U31<=S31),(U31*2))} -> 0 | X31: =IFERROR(VLOOKUP(Y31,Apoio!A:B,2,0),"") -> 1 | Y31: 22 | Z31: =IFERROR(VLOOKUP(C31,'[1]TB DIN INCLUIDOS'!$B:$H,5,0),"AGUARDANDO ANEXO") -> 1 | AA31: {=_xlfn.IFS((Z31>X31),(X31*2),(Z31<=X31),(Z31*2))} -> 2 | AC31: =IFERROR(VLOOKUP(AD31,Apoio!A:B,2,0),"") -> 1 | AD31: =IFERROR(VLOOKUP(C31,'[1]TB DIN'!$B:$H,6,0),"AGUARDANDO ANEXO") -> 24 | AE31: 1 | AF31: {=_xlfn.IFS((AE31>AC31),(AC31*2),(AE31<=AC31),(AE31*2))} -> 2 | AH31: =SUM(O31,T31,Y31,AD31) -> 46 | AI31: =SUM(P31,U31,Z31,AE31) -> 2 | AJ31: =SUM(Q31,V31,AA31,AF31) -> 4 | AK31: =IF(L31-AH31-Q31-V31-AA31-AF31>0,L31-AH31-Q31-V31-AA31-AF31,0) -> 0 | AL31: =IF(L31-O31-Q31-T31-V31-Y31-AA31-AD31-AF31<0,L31-O31-Q31-T31-V31-Y31-AA31-AD31-AF31,0) -> 0 | AM31: manutenção | AN31: =VLOOKUP(C31,'[2]MARÇO-2024'!$B:$M,12,0) -> 44 | AO31: =AN31-AH31 -> -2 | AP31: =IF(AH31>L31,"Qt de aluno maior que a meta","")
A32: 2 | B32: 22 | C32: 2028 | D32: 33122610 | E32: 34021568000100 | F32: 020464 | G32: CP OBRAS SOCIAIS PADRE ALEIXO | H32: OBRAS SOCIAIS PADRE ALEIXO | I32: MITRA ARQUIEPISCOPAL DO RIO DE JANEIRO | J32: RUA PAULO VI, 62 | K32: FLAMENGO | L32: 90 | N32: =IFERROR(VLOOKUP(O32,Apoio!A:B,2,0),"") | O32: =IFERROR(VLOOKUP(C32,'[1]TB DIN'!$B:$D,3,0),"AGUARDANDO ANEXO") -> 0 | P32: =IFERROR(VLOOKUP(C32,'[1]TB DIN INCLUIDOS'!$B:$H,3,0),"AGUARDANDO ANEXO") -> 0 | Q32: {=_xlfn.IFS((P32>N32),(N32*2),(P32<=N32),(P32*2))} -> 0 | S32: =IFERROR(VLOOKUP(T32,Apoio!A:B,2,0),"") -> 2 | T32: 32 | U32: =IFERROR(VLOOKUP(C32,'[1]TB DIN INCLUIDOS'!$B:$H,4,0),"AGUARDANDO ANEXO") -> 0 | V32: {=_xlfn.IFS((U32>S32),(S32*2),(U32<=S32),(U32*2))} -> 0 | X32: =IFERROR(VLOOKUP(Y32,Apoio!A:B,2,0),"") -> 2 | Y32: =IFERROR(VLOOKUP(C32,'[1]TB DIN'!$B:$H,5,0),"AGUARDANDO ANEXO") -> 26 | Z32: =IFERROR(VLOOKUP(C32,'[1]TB DIN INCLUIDOS'!$B:$H,5,0),"AGUARDANDO ANEXO") -> 0 | AA32: {=_xlfn.IFS((Z32>X32),(X32*2),(Z32<=X32),(Z32*2))} -> 0 | AC32: =IFERROR(VLOOKUP(AD32,Apoio!A:B,2,0),"") -> 2 | AD32: 31 | AE32: =IFERROR(VLOOKUP(C32,'[1]TB DIN INCLUIDOS'!$B:$H,6,0),"AGUARDANDO ANEXO") -> 1 | AF32: {=_xlfn.IFS((AE32>AC32),(AC32*2),(AE32<=AC32),(AE32*2))} -> 2 | AH32: =SUM(O32,T32,Y32,AD32) -> 89 | AI32: =SUM(P32,U32,Z32,AE32) -> 1 | AJ32: =SUM(Q32,V32,AA32,AF32) -> 2 | AK32: =IF(L32-AH32-Q32-V32-AA32-AF32>0,L32-AH32-Q32-V32-AA32-AF32,0) -> 0 | AL32: =IF(L32-O32-Q32-T32-V32-Y32-AA32-AD32-AF32<0,L32-O32-Q32-T32-V32-Y32-AA32-AD32-AF32,0) -> -1 | AM32: manutenção | AN32: =VLOOKUP(C32,'[2]MARÇO-2024'!$B:$M,12,0) -> 84 | AO32: =AN32-AH32 -> -5 | AP32: =IF(AH32>L32,"Qt de aluno maior que a meta","")
A33: 2 | B33: 23 | C33: 2029 | D33: 33122695 | E33: 33904020000146 | F33: 020456 | G33: CP CASA DA CRIANÇA | H33: CASA DA CRIANÇA | I33: CASA DA CRIANÇA | J33: RUA FERNANDES GUIMARÃES, 85 | K33: BOTAFOGO | L33: 192 | N33: =IFERROR(VLOOKUP(O33,Apoio!A:B,2,0),"") -> 1 | O33: =IFERROR(VLOOKUP(C33,'[1]TB DIN'!$B:$D,3,0),"AGUARDANDO ANEXO") -> 12 | P33: =IFERROR(VLOOKUP(C33,'[1]TB DIN INCLUIDOS'!$B:$H,3,0),"AGUARDANDO ANEXO") -> 0 | Q33: {=_xlfn.IFS((P33>N33),(N33*2),(P33<=N33),(P33*2))} -> 0 | S33: =IFERROR(VLOOKUP(T33,Apoio!A:B,2,0),"") -> 2 | T33: 39 | U33: =IFERROR(VLOOKUP(C33,'[1]TB DIN INCLUIDOS'!$B:$H,4,0),"AGUARDANDO ANEXO") -> 0 | V33: {=_xlfn.IFS((U33>S33),(S33*2),(U33<=S33),(U33*2))} -> 0 | X33: =IFERROR(VLOOKUP(Y33,Apoio!A:B,2,0),"") -> 3 | Y33: =IFERROR(VLOOKUP(C33,'[1]TB DIN'!$B:$H,5,0),"AGUARDANDO ANEXO") -> 67 | Z33: =IFERROR(VLOOKUP(C33,'[1]TB DIN INCLUIDOS'!$B:$H,5,0),"AGUARDANDO ANEXO") -> 2 | AA33: {=_xlfn.IFS((Z33>X33),(X33*2),(Z33<=X33),(Z33*2))} -> 4 | AC33: =IFERROR(VLOOKUP(AD33,Apoio!A:B,2,0),"") -> 3 | AD33: 70 | AE33: 3 | AF33: {=_xlfn.IFS((AE33>AC33),(AC33*2),(AE33<=AC33),(AE33*2))} -> 6 | AH33: =SUM(O33,T33,Y33,AD33) -> 188 | AI33: =SUM(P33,U33,Z33,AE33) -> 5 | AJ33: =SUM(Q33,V33,AA33,AF33) -> 10 | AK33: =IF(L33-AH33-Q33-V33-AA33-AF33>0,L33-AH33-Q33-V33-AA33-AF33,0) -> 0 | AL33: =IF(L33-O33-Q33-T33-V33-Y33-AA33-AD33-AF33<0,L33-O33-Q33-T33-V33-Y33-AA33-AD33-AF33,0) -> -6 | AM33: manutenção | AN33: =VLOOKUP(C33,'[2]MARÇO-2024'!$B:$M,12,0) -> 189 | AO33: =AN33-AH33 -> 1 | AP33: =IF(AH33>L33,"Qt de aluno maior que a meta","")
A34: 2 | B34: 24 | C34: 2031 | D34: 33122890 | E34: 28019248000113 | F34: 020435 | G34: CP CENTRO COMUNITÁRIO ALEGRIA DAS CRIANÇAS | H34: CENTRO COMUNITÁRIO ALEGRIA DAS CRIANÇAS | I34: CENTRO COMUNITÁRIO ALEGRIA DAS CRIANÇAS | J34: RUA DOIS, 431 | K34: ROCINHA | L34: 88 | N34: =IFERROR(VLOOKUP(O34,Apoio!A:B,2,0),"") | O34: =IFERROR(VLOOKUP(C34,'[1]TB DIN'!$B:$D,3,0),"AGUARDANDO ANEXO") -> 0 | P34: =IFERROR(VLOOKUP(C34,'[1]TB DIN INCLUIDOS'!$B:$H,3,0),"AGUARDANDO ANEXO") -> 0 | Q34: {=_xlfn.IFS((P34>N34),(N34*2),(P34<=N34),(P34*2))} -> 0 | S34: =IFERROR(VLOOKUP(T34,Apoio!A:B,2,0),"") -> 1 | T34: 1 | U34: =IFERROR(VLOOKUP(C34,'[1]TB DIN INCLUIDOS'!$B:$H,4,0),"AGUARDANDO ANEXO") -> 0 | V34: {=_xlfn.IFS((U34>S34),(S34*2),(U34<=S34),(U34*2))} -> 0 | X34: =IFERROR(VLOOKUP(Y34,Apoio!A:B,2,0),"") -> 2 | Y34: 36 | Z34: =IFERROR(VLOOKUP(C34,'[1]TB DIN INCLUIDOS'!$B:$H,5,0),"AGUARDANDO ANEXO") -> 0 | AA34: {=_xlfn.IFS((Z34>X34),(X34*2),(Z34<=X34),(Z34*2))} -> 0 | AC34: =IFERROR(VLOOKUP(AD34,Apoio!A:B,2,0),"") -> 3 | AD34: =IFERROR(VLOOKUP(C34,'[1]TB DIN'!$B:$H,6,0),"AGUARDANDO ANEXO") -> 51 | AE34: =IFERROR(VLOOKUP(C34,'[1]TB DIN INCLUIDOS'!$B:$H,6,0),"AGUARDANDO ANEXO") -> 1 | AF34: {=_xlfn.IFS((AE34>AC34),(AC34*2),(AE34<=AC34),(AE34*2))} -> 2 | AH34: =SUM(O34,T34,Y34,AD34) -> 88 | AI34: =SUM(P34,U34,Z34,AE34) -> 1 | AJ34: =SUM(Q34,V34,AA34,AF34) -> 2 | AK34: =IF(L34-AH34-Q34-V34-AA34-AF34>0,L34-AH34-Q34-V34-AA34-AF34,0) -> 0 | AL34: =IF(L34-O34-Q34-T34-V34-Y34-AA34-AD34-AF34<0,L34-O34-Q34-T34-V34-Y34-AA34-AD34-AF34,0) -> -2 | AM34: manutenção c/ aumento de meta | AN34: =VLOOKUP(C34,'[2]MARÇO-2024'!$B:$M,12,0) -> 88 | AO34: =AN34-AH34 -> 0 | AP34: =IF(AH34>L34,"Qt de aluno maior que a meta","")
A35: 2 | B35: 25 | C35: 2032 | D35: 33122954 | E35: 34068528000114 | F35: 020465 | G35: CP PATRONATO OPERÁRIO DA GÁVEA | H35: PATRONATO OPERÁRIO DA GÁVEA | I35: PATRONATO OPERÁRIO DA GÁVEA | J35: AV. LINEU DE PAULA MACHADO, 795 | K35: GÁVEA | L35: 80 | N35: =IFERROR(VLOOKUP(O35,Apoio!A:B,2,0),"") | O35: =IFERROR(VLOOKUP(C35,'[1]TB DIN'!$B:$D,3,0),"AGUARDANDO ANEXO") -> 0 | P35: =IFERROR(VLOOKUP(C35,'[1]TB DIN INCLUIDOS'!$B:$H,3,0),"AGUARDANDO ANEXO") -> 0 | Q35: {=_xlfn.IFS((P35>N35),(N35*2),(P35<=N35),(P35*2))} -> 0 | S35: =IFERROR(VLOOKUP(T35,Apoio!A:B,2,0),"") | T35: =IFERROR(VLOOKUP(C35,'[1]TB DIN'!$B:$H,4,0),"AGUARDANDO ANEXO") -> 0 | U35: =IFERROR(VLOOKUP(C35,'[1]TB DIN INCLUIDOS'!$B:$H,4,0),"AGUARDANDO ANEXO") -> 0 | V35: {=_xlfn.IFS((U35>S35),(S35*2),(U35<=S35),(U35*2))} -> 0 | X35: =IFERROR(VLOOKUP(Y35,Apoio!A:B,2,0),"") -> 2 | Y35: =IFERROR(VLOOKUP(C35,'[1]TB DIN'!$B:$H,5,0),"AGUARDANDO ANEXO") -> 29 | Z35: =IFERROR(VLOOKUP(C35,'[1]TB DIN INCLUIDOS'!$B:$H,5,0),"AGUARDANDO ANEXO") -> 0 | AA35: {=_xlfn.IFS((Z35>X35),(X35*2),(Z35<=X35),(Z35*2))} -> 0 | AC35: =IFERROR(VLOOKUP(AD35,Apoio!A:B,2,0),"") -> 2 | AD35: 42 | AE35: 3 | AF35: {=_xlfn.IFS((AE35>AC35),(AC35*2),(AE35<=AC35),(AE35*2))} -> 4 | AH35: =SUM(O35,T35,Y35,AD35) -> 71 | AI35: =SUM(P35,U35,Z35,AE35) -> 3 | AJ35: =SUM(Q35,V35,AA35,AF35) -> 4 | AK35: =IF(L35-AH35-Q35-V35-AA35-AF35>0,L35-AH35-Q35-V35-AA35-AF35,0) -> 5 | AL35: =IF(L35-O35-Q35-T35-V35-Y35-AA35-AD35-AF35<0,L35-O35-Q35-T35-V35-Y35-AA35-AD35-AF35,0) -> 0 | AM35: manutenção | AN35: =VLOOKUP(C35,'[2]MARÇO-2024'!$B:$M,12,0) -> 70 | AO35: =AN35-AH35 -> -1 | AP35: =IF(AH35>L35,"Qt de aluno maior que a meta","")
A36: 2 | B36: 26 | C36: 2034 | D36: 33152004 | E36: 04697185000196 | F36: 020445 | G36: CP CENTRO SOCIAL DA MULHER UÊGA | H36: CENTRO SOCIAL DA MULHER UÊGA | I36: CENTRO SOCIAL DA MULHER UÊGA | J36: RUA ESPERANÇA, 37 - 2º ANDAR | K36: ROCINHA | L36: 100 | N36: =IFERROR(VLOOKUP(O36,Apoio!A:B,2,0),"") | O36: =IFERROR(VLOOKUP(C36,'[1]TB DIN'!$B:$D,3,0),"AGUARDANDO ANEXO") -> 0 | P36: =IFERROR(VLOOKUP(C36,'[1]TB DIN INCLUIDOS'!$B:$H,3,0),"AGUARDANDO ANEXO") -> 0 | Q36: {=_xlfn.IFS((P36>N36),(N36*2),(P36<=N36),(P36*2))} -> 0 | S36: =IFERROR(VLOOKUP(T36,Apoio!A:B,2,0),"") | T36: =IFERROR(VLOOKUP(C36,'[1]TB DIN'!$B:$H,4,0),"AGUARDANDO ANEXO") -> 0 | U36: =IFERROR(VLOOKUP(C36,'[1]TB DIN INCLUIDOS'!$B:$H,4,0),"AGUARDANDO ANEXO") -> 0 | V36: {=_xlfn.IFS((U36>S36),(S36*2),(U36<=S36),(U36*2))} -> 0 | X36: =IFERROR(VLOOKUP(Y36,Apoio!A:B,2,0),"") -> 2 | Y36: 40 | Z36: =IFERROR(VLOOKUP(C36,'[1]TB DIN INCLUIDOS'!$B:$H,5,0),"AGUARDANDO ANEXO") -> 1 | AA36: {=_xlfn.IFS((Z36>X36),(X36*2),(Z36<=X36),(Z36*2))} -> 2 | AC36: =IFERROR(VLOOKUP(AD36,Apoio!A:B,2,0),"") -> 3 | AD36: 54 | AE36: =IFERROR(VLOOKUP(C36,'[1]TB DIN INCLUIDOS'!$B:$H,6,0),"AGUARDANDO ANEXO") -> 1 | AF36: {=_xlfn.IFS((AE36>AC36),(AC36*2),(AE36<=AC36),(AE36*2))} -> 2 | AH36: =SUM(O36,T36,Y36,AD36) -> 94 | AI36: =SUM(P36,U36,Z36,AE36) -> 2 | AJ36: =SUM(Q36,V36,AA36,AF36) -> 4 | AK36: =IF(L36-AH36-Q36-V36-AA36-AF36>0,L36-AH36-Q36-V36-AA36-AF36,0) -> 2 | AL36: =IF(L36-O36-Q36-T36-V36-Y36-AA36-AD36-AF36<0,L36-O36-Q36-T36-V36-Y36-AA36-AD36-AF36,0) -> 0 | AM36: manutenção | AN36: =VLOOKUP(C36,'[2]MARÇO-2024'!$B:$M,12,0) -> 94 | AO36: =AN36-AH36 -> 0 | AP36: =IF(AH36>L36,"Qt de aluno maior que a meta","")
A37: 2 | B37: 27 | C37: 2035 | D37: 33125490 | E37: 30127625000180 | F37: 020438 | G37: CP CENTRO SOCIAL E AÍ COMO É QUE FICA ? | H37: CENTRO SOCIAL E AÍ COMO É QUE FICA? | I37: CENTRO SOCIAL E AÍ COMO É QUE FICA? | J37: ESTR. DA GÁVEA, 229 - CASA 1 - RUA UM | K37: ROCINHA | L37: 65 | N37: =IFERROR(VLOOKUP(O37,Apoio!A:B,2,0),"") -> 1 | O37: 7 | P37: =IFERROR(VLOOKUP(C37,'[1]TB DIN INCLUIDOS'!$B:$H,3,0),"AGUARDANDO ANEXO") -> 0 | Q37: {=_xlfn.IFS((P37>N37),(N37*2),(P37<=N37),(P37*2))} -> 0 | S37: =IFERROR(VLOOKUP(T37,Apoio!A:B,2,0),"") -> 1 | T37: 17 | U37: =IFERROR(VLOOKUP(C37,'[1]TB DIN INCLUIDOS'!$B:$H,4,0),"AGUARDANDO ANEXO") -> 0 | V37: {=_xlfn.IFS((U37>S37),(S37*2),(U37<=S37),(U37*2))} -> 0 | X37: =IFERROR(VLOOKUP(Y37,Apoio!A:B,2,0),"") -> 1 | Y37: 24 | Z37: =IFERROR(VLOOKUP(C37,'[1]TB DIN INCLUIDOS'!$B:$H,5,0),"AGUARDANDO ANEXO") -> 0 | AA37: {=_xlfn.IFS((Z37>X37),(X37*2),(Z37<=X37),(Z37*2))} -> 0 | AC37: =IFERROR(VLOOKUP(AD37,Apoio!A:B,2,0),"") -> 1 | AD37: 17 | AE37: =IFERROR(VLOOKUP(C37,'[1]TB DIN INCLUIDOS'!$B:$H,6,0),"AGUARDANDO ANEXO") -> 0 | AF37: {=_xlfn.IFS((AE37>AC37),(AC37*2),(AE37<=AC37),(AE37*2))} -> 0 | AH37: =SUM(O37,T37,Y37,AD37) -> 65 | AI37: =SUM(P37,U37,Z37,AE37) -> 0 | AJ37: =SUM(Q37,V37,AA37,AF37) -> 0 | AK37: =IF(L37-AH37-Q37-V37-AA37-AF37>0,L37-AH37-Q37-V37-AA37-AF37,0) -> 0 | AL37: =IF(L37-O37-Q37-T37-V37-Y37-AA37-AD37-AF37<0,L37-O37-Q37-T37-V37-Y37-AA37-AD37-AF37,0) -> 0 | AM37: manutenção | AN37: =VLOOKUP(C37,'[2]MARÇO-2024'!$B:$M,12,0) -> 65 | AO37: =AN37-AH37 -> 0 | AP37: =IF(AH37>L37,"Qt de aluno maior que a meta","")
A38: 2 | B38: 28 | C38: 2036 | D38: 33122814 | E38: 30122758000163 | F38: 020458 | G38: CP CRECHE BERÇÁRIO MARIA HELENA DA ROCINHA | H38: CRECHE BERÇÁRIO MARIA HELENA DA ROCINHA | I38: GRUPO COMUNITÁRIO CRECHE BERÇÁRIO NOVA JERUSALÉM | J38: TRAV. ESPERANÇA, 12 | K38: ROCINHA | L38: 90 | N38: =IFERROR(VLOOKUP(O38,Apoio!A:B,2,0),"") -> 1 | O38: =IFERROR(VLOOKUP(C38,'[1]TB DIN'!$B:$D,3,0),"AGUARDANDO ANEXO") -> 12 | P38: =IFERROR(VLOOKUP(C38,'[1]TB DIN INCLUIDOS'!$B:$H,3,0),"AGUARDANDO ANEXO") -> 0 | Q38: {=_xlfn.IFS((P38>N38),(N38*2),(P38<=N38),(P38*2))} -> 0 | S38: =IFERROR(VLOOKUP(T38,Apoio!A:B,2,0),"") -> 1 | T38: =IFERROR(VLOOKUP(C38,'[1]TB DIN'!$B:$H,4,0),"AGUARDANDO ANEXO") -> 21 | U38: =IFERROR(VLOOKUP(C38,'[1]TB DIN INCLUIDOS'!$B:$H,4,0),"AGUARDANDO ANEXO") -> 0 | V38: {=_xlfn.IFS((U38>S38),(S38*2),(U38<=S38),(U38*2))} -> 0 | X38: =IFERROR(VLOOKUP(Y38,Apoio!A:B,2,0),"") -> 1 | Y38: =IFERROR(VLOOKUP(C38,'[1]TB DIN'!$B:$H,5,0),"AGUARDANDO ANEXO") -> 24 | Z38: =IFERROR(VLOOKUP(C38,'[1]TB DIN INCLUIDOS'!$B:$H,5,0),"AGUARDANDO ANEXO") -> 0 | AA38: {=_xlfn.IFS((Z38>X38),(X38*2),(Z38<=X38),(Z38*2))} -> 0 | AC38: =IFERROR(VLOOKUP(AD38,Apoio!A:B,2,0),"") -> 2 | AD38: 29 | AE38: =IFERROR(VLOOKUP(C38,'[1]TB DIN INCLUIDOS'!$B:$H,6,0),"AGUARDANDO ANEXO") -> 2 | AF38: {=_xlfn.IFS((AE38>AC38),(AC38*2),(AE38<=AC38),(AE38*2))} -> 4 | AH38: =SUM(O38,T38,Y38,AD38) -> 86 | AI38: =SUM(P38,U38,Z38,AE38) -> 2 | AJ38: =SUM(Q38,V38,AA38,AF38) -> 4 | AK38: =IF(L38-AH38-Q38-V38-AA38-AF38>0,L38-AH38-Q38-V38-AA38-AF38,0) -> 0 | AL38: =IF(L38-O38-Q38-T38-V38-Y38-AA38-AD38-AF38<0,L38-O38-Q38-T38-V38-Y38-AA38-AD38-AF38,0) -> 0 | AM38: manutenção c/ aumento de meta | AN38: =VLOOKUP(C38,'[2]MARÇO-2024'!$B:$M,12,0) -> 85 | AO38: =AN38-AH38 -> -1 | AP38: =IF(AH38>L38,"Qt de aluno maior que a meta","")
A39: 2 | B39: 29 | C39: 2037 | D39: 33096619 | E39: 34064808000154 | F39: 020459 | G39: CP CRECHE COMUNITÁRIA CANTINHO DA NATUREZA | H39: CRECHE COMUNITÁRIA CANTINHO DA NATUREZA | I39: OBRA SOCIAL DA PARÓQUIA SANTA CRUZ DE COPACABANA | J39: RUA EUCLIDES DA ROCHA, 370 | K39: COPACABANA | L39: 150 | N39: =IFERROR(VLOOKUP(O39,Apoio!A:B,2,0),"") -> 1 | O39: 15 | P39: =IFERROR(VLOOKUP(C39,'[1]TB DIN INCLUIDOS'!$B:$H,3,0),"AGUARDANDO ANEXO") -> 0 | Q39: {=_xlfn.IFS((P39>N39),(N39*2),(P39<=N39),(P39*2))} -> 0 | S39: =IFERROR(VLOOKUP(T39,Apoio!A:B,2,0),"") -> 2 | T39: 47 | U39: =IFERROR(VLOOKUP(C39,'[1]TB DIN INCLUIDOS'!$B:$H,4,0),"AGUARDANDO ANEXO") -> 0 | V39: {=_xlfn.IFS((U39>S39),(S39*2),(U39<=S39),(U39*2))} -> 0 | X39: =IFERROR(VLOOKUP(Y39,Apoio!A:B,2,0),"") -> 2 | Y39: =IFERROR(VLOOKUP(C39,'[1]TB DIN'!$B:$H,5,0),"AGUARDANDO ANEXO") -> 47 | Z39: =IFERROR(VLOOKUP(C39,'[1]TB DIN INCLUIDOS'!$B:$H,5,0),"AGUARDANDO ANEXO") -> 1 | AA39: {=_xlfn.IFS((Z39>X39),(X39*2),(Z39<=X39),(Z39*2))} -> 2 | AC39: =IFERROR(VLOOKUP(AD39,Apoio!A:B,2,0),"") -> 2 | AD39: =IFERROR(VLOOKUP(C39,'[1]TB DIN'!$B:$H,6,0),"AGUARDANDO ANEXO") -> 39 | AE39: =IFERROR(VLOOKUP(C39,'[1]TB DIN INCLUIDOS'!$B:$H,6,0),"AGUARDANDO ANEXO") -> 1 | AF39: {=_xlfn.IFS((AE39>AC39),(AC39*2),(AE39<=AC39),(AE39*2))} -> 2 | AH39: =SUM(O39,T39,Y39,AD39) -> 148 | AI39: =SUM(P39,U39,Z39,AE39) -> 2 | AJ39: =SUM(Q39,V39,AA39,AF39) -> 4 | AK39: =IF(L39-AH39-Q39-V39-AA39-AF39>0,L39-AH39-Q39-V39-AA39-AF39,0) -> 0 | AL39: =IF(L39-O39-Q39-T39-V39-Y39-AA39-AD39-AF39<0,L39-O39-Q39-T39-V39-Y39-AA39-AD39-AF39,0) -> -2 | AM39: manutenção | AN39: =VLOOKUP(C39,'[2]MARÇO-2024'!$B:$M,12,0) -> 148 | AO39: =AN39-AH39 -> 0 | AP39: =IF(AH39>L39,"Qt de aluno maior que a meta","")
A40: 2 | B40: 30 | C40: 2038 | D40: 33124990 | E40: 4447582000100 | F40: 20447 | G40: CP CRECHE CHÁCARA DO CÉU | H40: CRECHE CHÁCARA DO CÉU | I40: AÇÃO COMUNITÁRIA PRÓ-FAVELA DR. MARCELLO CÂNDIA | J40: Estrada da Independência, 161 | K40: TIJUCA | L40: 60 | N40: =IFERROR(VLOOKUP(O40,Apoio!A:B,2,0),"") | O40: =IFERROR(VLOOKUP(C40,'[1]TB DIN'!$B:$D,3,0),"AGUARDANDO ANEXO") -> 0 | P40: =IFERROR(VLOOKUP(C40,'[1]TB DIN INCLUIDOS'!$B:$H,3,0),"AGUARDANDO ANEXO") -> 0 | Q40: {=_xlfn.IFS((P40>N40),(N40*2),(P40<=N40),(P40*2))} -> 0 | S40: =IFERROR(VLOOKUP(T40,Apoio!A:B,2,0),"") -> 1 | T40: =IFERROR(VLOOKUP(C40,'[1]TB DIN'!$B:$H,4,0),"AGUARDANDO ANEXO") -> 20 | U40: =IFERROR(VLOOKUP(C40,'[1]TB DIN INCLUIDOS'!$B:$H,4,0),"AGUARDANDO ANEXO") -> 0 | V40: {=_xlfn.IFS((U40>S40),(S40*2),(U40<=S40),(U40*2))} -> 0 | X40: =IFERROR(VLOOKUP(Y40,Apoio!A:B,2,0),"") -> 1 | Y40: 22 | Z40: =IFERROR(VLOOKUP(C40,'[1]TB DIN INCLUIDOS'!$B:$H,5,0),"AGUARDANDO ANEXO") -> 1 | AA40: {=_xlfn.IFS((Z40>X40),(X40*2),(Z40<=X40),(Z40*2))} -> 2 | AC40: =IFERROR(VLOOKUP(AD40,Apoio!A:B,2,0),"") -> 1 | AD40: =IFERROR(VLOOKUP(C40,'[1]TB DIN'!$B:$H,6,0),"AGUARDANDO ANEXO") -> 16 | AE40: =IFERROR(VLOOKUP(C40,'[1]TB DIN INCLUIDOS'!$B:$H,6,0),"AGUARDANDO ANEXO") -> 0 | AF40: {=_xlfn.IFS((AE40>AC40),(AC40*2),(AE40<=AC40),(AE40*2))} -> 0 | AH40: =SUM(O40,T40,Y40,AD40) -> 58 | AI40: =SUM(P40,U40,Z40,AE40) -> 1 | AJ40: =SUM(Q40,V40,AA40,AF40) -> 2 | AK40: =IF(L40-AH40-Q40-V40-AA40-AF40>0,L40-AH40-Q40-V40-AA40-AF40,0) -> 0 | AL40: =IF(L40-O40-Q40-T40-V40-Y40-AA40-AD40-AF40<0,L40-O40-Q40-T40-V40-Y40-AA40-AD40-AF40,0) -> 0 | AM40: manutenção | AN40: =VLOOKUP(C40,'[2]MARÇO-2024'!$B:$M,12,0) -> 58 | AO40: =AN40-AH40 -> 0 | AP40: =IF(AH40>L40,"Qt de aluno maior que a meta","")
A41: 2 | B41: 31 | C41: 2039 | D41: 33151962 | E41: 29274131000149 | F41: 020341 | G41: CP CRECHE ESCOLA MENINOS DE LUZ | H41: CRECHE ESCOLA MENINOS DE LUZ | I41: LAR PAULO DE TARSO | J41: RUA SAINT ROMAIN, 142 | K41: COPACABANA | L41: 88 | N41: =IFERROR(VLOOKUP(O41,Apoio!A:B,2,0),"") -> 1 | O41: =IFERROR(VLOOKUP(C41,'[1]TB DIN'!$B:$D,3,0),"AGUARDANDO ANEXO") -> 16 | P41: =IFERROR(VLOOKUP(C41,'[1]TB DIN INCLUIDOS'!$B:$H,3,0),"AGUARDANDO ANEXO") -> 0 | Q41: {=_xlfn.IFS((P41>N41),(N41*2),(P41<=N41),(P41*2))} -> 0 | S41: =IFERROR(VLOOKUP(T41,Apoio!A:B,2,0),"") -> 1 | T41: =IFERROR(VLOOKUP(C41,'[1]TB DIN'!$B:$H,4,0),"AGUARDANDO ANEXO") -> 23 | U41: =IFERROR(VLOOKUP(C41,'[1]TB DIN INCLUIDOS'!$B:$H,4,0),"AGUARDANDO ANEXO") -> 0 | V41: {=_xlfn.IFS((U41>S41),(S41*2),(U41<=S41),(U41*2))} -> 0 | X41: =IFERROR(VLOOKUP(Y41,Apoio!A:B,2,0),"") -> 1 | Y41: =IFERROR(VLOOKUP(C41,'[1]TB DIN'!$B:$H,5,0),"AGUARDANDO ANEXO") -> 25 | Z41: =IFERROR(VLOOKUP(C41,'[1]TB DIN INCLUIDOS'!$B:$H,5,0),"AGUARDANDO ANEXO") -> 0 | AA41: {=_xlfn.IFS((Z41>X41),(X41*2),(Z41<=X41),(Z41*2))} -> 0 | AC41: =IFERROR(VLOOKUP(AD41,Apoio!A:B,2,0),"") -> 1 | AD41: =IFERROR(VLOOKUP(C41,'[1]TB DIN'!$B:$H,6,0),"AGUARDANDO ANEXO") -> 24 | AE41: =IFERROR(VLOOKUP(C41,'[1]TB DIN INCLUIDOS'!$B:$H,6,0),"AGUARDANDO ANEXO") -> 0 | AF41: {=_xlfn.IFS((AE41>AC41),(AC41*2),(AE41<=AC41),(AE41*2))} -> 0 | AH41: =SUM(O41,T41,Y41,AD41) -> 88 | AI41: =SUM(P41,U41,Z41,AE41) -> 0 | AJ41: =SUM(Q41,V41,AA41,AF41) -> 0 | AK41: =IF(L41-AH41-Q41-V41-AA41-AF41>0,L41-AH41-Q41-V41-AA41-AF41,0) -> 0 | AL41: =IF(L41-O41-Q41-T41-V41-Y41-AA41-AD41-AF41<0,L41-O41-Q41-T41-V41-Y41-AA41-AD41-AF41,0) -> 0 | AM41: manutenção | AN41: =VLOOKUP(C41,'[2]MARÇO-2024'!$B:$M,12,0) -> 87 | AO41: =AN41-AH41 -> -1 | AP41: =IF(AH41>L41,"Qt de aluno maior que a meta","")
A42: 2 | B42: 32 | C42: 2040 | D42: 33122997 | E42: 29270428000136 | F42: 020460 | G42: CP CRECHE MARIA MARIA | H42: CRECHE MARIA MARIA | I42: GRUPO COMUNITÁRIO MARIA MARIA DA ROCINHA | J42: ESTR. DA GÁVEA, 259, R. UM CASA 52 | K42: ROCINHA | L42: 72 | N42: =IFERROR(VLOOKUP(O42,Apoio!A:B,2,0),"") -> 1 | O42: 9 | P42: =IFERROR(VLOOKUP(C42,'[1]TB DIN INCLUIDOS'!$B:$H,3,0),"AGUARDANDO ANEXO") -> 0 | Q42: {=_xlfn.IFS((P42>N42),(N42*2),(P42<=N42),(P42*2))} -> 0 | S42: =IFERROR(VLOOKUP(T42,Apoio!A:B,2,0),"") -> 1 | T42: 18 | U42: =IFERROR(VLOOKUP(C42,'[1]TB DIN INCLUIDOS'!$B:$H,4,0),"AGUARDANDO ANEXO") -> 0 | V42: {=_xlfn.IFS((U42>S42),(S42*2),(U42<=S42),(U42*2))} -> 0 | X42: =IFERROR(VLOOKUP(Y42,Apoio!A:B,2,0),"") -> 1 | Y42: 21 | Z42: =IFERROR(VLOOKUP(C42,'[1]TB DIN INCLUIDOS'!$B:$H,5,0),"AGUARDANDO ANEXO") -> 0 | AA42: {=_xlfn.IFS((Z42>X42),(X42*2),(Z42<=X42),(Z42*2))} -> 0 | AC42: =IFERROR(VLOOKUP(AD42,Apoio!A:B,2,0),"") -> 1 | AD42: 20 | AE42: =IFERROR(VLOOKUP(C42,'[1]TB DIN INCLUIDOS'!$B:$H,6,0),"AGUARDANDO ANEXO") -> 0 | AF42: {=_xlfn.IFS((AE42>AC42),(AC42*2),(AE42<=AC42),(AE42*2))} -> 0 | AH42: =SUM(O42,T42,Y42,AD42) -> 68 | AI42: =SUM(P42,U42,Z42,AE42) -> 0 | AJ42: =SUM(Q42,V42,AA42,AF42) -> 0 | AK42: =IF(L42-AH42-Q42-V42-AA42-AF42>0,L42-AH42-Q42-V42-AA42-AF42,0) -> 4 | AL42: =IF(L42-O42-Q42-T42-V42-Y42-AA42-AD42-AF42<0,L42-O42-Q42-T42-V42-Y42-AA42-AD42-AF42,0) -> 0 | AM42: manutenção | AN42: =VLOOKUP(C42,'[2]MARÇO-2024'!$B:$M,12,0) -> 72 | AO42: =AN42-AH42 -> 4 | AP42: =IF(AH42>L42,"Qt de aluno maior que a meta","")
A43: 2 | B43: 33 | C43: 2041 | D43: 33123128 | E43: 30126791000161 | F43: 020553 | G43: CP CRECHE E PRÉ-ESCOLA COMUNITÁRIA DO 199 PINGO DE GENTE | H43: CRECHE PRÉ-ESCOLA COMUNITÁRIA DO 199 PINGO DE GENTE | I43: CRECHE PRÉ-ESCOLA COMUNITÁRIA DO 199 PINGO DE GENTE | J43: ESTR. DA GÁVEA, 199-BECO 1/5/65 CASA 34 | K43: ROCINHA | L43: 50 | N43: =IFERROR(VLOOKUP(O43,Apoio!A:B,2,0),"") | O43: =IFERROR(VLOOKUP(C43,'[1]TB DIN'!$B:$D,3,0),"AGUARDANDO ANEXO") -> 0 | P43: =IFERROR(VLOOKUP(C43,'[1]TB DIN INCLUIDOS'!$B:$H,3,0),"AGUARDANDO ANEXO") -> 0 | Q43: {=_xlfn.IFS((P43>N43),(N43*2),(P43<=N43),(P43*2))} -> 0 | S43: =IFERROR(VLOOKUP(T43,Apoio!A:B,2,0),"") | T43: =IFERROR(VLOOKUP(C43,'[1]TB DIN'!$B:$H,4,0),"AGUARDANDO ANEXO") -> 0 | U43: =IFERROR(VLOOKUP(C43,'[1]TB DIN INCLUIDOS'!$B:$H,4,0),"AGUARDANDO ANEXO") -> 0 | V43: {=_xlfn.IFS((U43>S43),(S43*2),(U43<=S43),(U43*2))} -> 0 | X43: =IFERROR(VLOOKUP(Y43,Apoio!A:B,2,0),"") -> 1 | Y43: =IFERROR(VLOOKUP(C43,'[1]TB DIN'!$B:$H,5,0),"AGUARDANDO ANEXO") -> 16 | Z43: =IFERROR(VLOOKUP(C43,'[1]TB DIN INCLUIDOS'!$B:$H,5,0),"AGUARDANDO ANEXO") -> 0 | AA43: {=_xlfn.IFS((Z43>X43),(X43*2),(Z43<=X43),(Z43*2))} -> 0 | AC43: =IFERROR(VLOOKUP(AD43,Apoio!A:B,2,0),"") -> 1 | AD43: =IFERROR(VLOOKUP(C43,'[1]TB DIN'!$B:$H,6,0),"AGUARDANDO ANEXO") -> 21 | AE43: =IFERROR(VLOOKUP(C43,'[1]TB DIN INCLUIDOS'!$B:$H,6,0),"AGUARDANDO ANEXO") -> 1 | AF43: {=_xlfn.IFS((AE43>AC43),(AC43*2),(AE43<=AC43),(AE43*2))} -> 2 | AH43: =SUM(O43,T43,Y43,AD43) -> 37 | AI43: =SUM(P43,U43,Z43,AE43) -> 1 | AJ43: =SUM(Q43,V43,AA43,AF43) -> 2 | AK43: =IF(L43-AH43-Q43-V43-AA43-AF43>0,L43-AH43-Q43-V43-AA43-AF43,0) -> 11 | AL43: =IF(L43-O43-Q43-T43-V43-Y43-AA43-AD43-AF43<0,L43-O43-Q43-T43-V43-Y43-AA43-AD43-AF43,0) -> 0 | AM43: manutenção | AN43: =VLOOKUP(C43,'[2]MARÇO-2024'!$B:$M,12,0) -> 38 | AO43: =AN43-AH43 -> 1 | AP43: =IF(AH43>L43,"Qt de aluno maior que a meta","")
A44: 2 | B44: 34 | C44: 2042 | D44: 33123020 | E44: 30022057000152 | F44: 021235 | G44: CP CRECHE SANTA CLARA | H44: CRECHE SANTA CLARA | I44: CASA DE SÃO FRANCISCO DE ASSIS | J44: RUA ALICE, 308 | K44: LARANJEIRAS | L44: 40 | N44: =IFERROR(VLOOKUP(O44,Apoio!A:B,2,0),"") | O44: =IFERROR(VLOOKUP(C44,'[1]TB DIN'!$B:$D,3,0),"AGUARDANDO ANEXO") -> 0 | P44: =IFERROR(VLOOKUP(C44,'[1]TB DIN INCLUIDOS'!$B:$H,3,0),"AGUARDANDO ANEXO") -> 0 | Q44: {=_xlfn.IFS((P44>N44),(N44*2),(P44<=N44),(P44*2))} -> 0 | S44: =IFERROR(VLOOKUP(T44,Apoio!A:B,2,0),"") | T44: =IFERROR(VLOOKUP(C44,'[1]TB DIN'!$B:$H,4,0),"AGUARDANDO ANEXO") -> 0 | U44: =IFERROR(VLOOKUP(C44,'[1]TB DIN INCLUIDOS'!$B:$H,4,0),"AGUARDANDO ANEXO") -> 0 | V44: {=_xlfn.IFS((U44>S44),(S44*2),(U44<=S44),(U44*2))} -> 0 | X44: =IFERROR(VLOOKUP(Y44,Apoio!A:B,2,0),"") -> 1 | Y44: =IFERROR(VLOOKUP(C44,'[1]TB DIN'!$B:$H,5,0),"AGUARDANDO ANEXO") -> 19 | Z44: 0 | AA44: {=_xlfn.IFS((Z44>X44),(X44*2),(Z44<=X44),(Z44*2))} -> 0 | AC44: =IFERROR(VLOOKUP(AD44,Apoio!A:B,2,0),"") -> 1 | AD44: =IFERROR(VLOOKUP(C44,'[1]TB DIN'!$B:$H,6,0),"AGUARDANDO ANEXO") -> 21 | AE44: =IFERROR(VLOOKUP(C44,'[1]TB DIN INCLUIDOS'!$B:$H,6,0),"AGUARDANDO ANEXO") -> 1 | AF44: {=_xlfn.IFS((AE44>AC44),(AC44*2),(AE44<=AC44),(AE44*2))} -> 2 | AH44: =SUM(O44,T44,Y44,AD44) -> 40 | AI44: =SUM(P44,U44,Z44,AE44) -> 1 | AJ44: =SUM(Q44,V44,AA44,AF44) -> 2 | AK44: =IF(L44-AH44-Q44-V44-AA44-AF44>0,L44-AH44-Q44-V44-AA44-AF44,0) -> 0 | AL44: =IF(L44-O44-Q44-T44-V44-Y44-AA44-AD44-AF44<0,L44-O44-Q44-T44-V44-Y44-AA44-AD44-AF44,0) -> -2 | AM44: manutenção | AN44: =VLOOKUP(C44,'[2]MARÇO-2024'!$B:$M,12,0) -> 40 | AO44: =AN44-AH44 -> 0 | AP44: =IF(AH44>L44,"Qt de aluno maior que a meta","")
A45: 2 | B45: 35 | C45: 2043 | D45: 33124540 | E45: 04447582000100 | F45: 020207 | G45: CP CRECHE SANTA MÔNICA | H45: CRECHE SANTA MÔNICA | I45: AÇÃO COMUNITÁRIA PRÓ-FAVELA DR. MARCELLO CÂNDIA | J45: ESTR. DA INDEPENDÊNCIA, 56 | K45: BOREL / TIJUCA | L45: 140 | N45: =IFERROR(VLOOKUP(O45,Apoio!A:B,2,0),"") -> 1 | O45: =IFERROR(VLOOKUP(C45,'[1]TB DIN'!$B:$D,3,0),"AGUARDANDO ANEXO") -> 23 | P45: =IFERROR(VLOOKUP(C45,'[1]TB DIN INCLUIDOS'!$B:$H,3,0),"AGUARDANDO ANEXO") -> 0 | Q45: {=_xlfn.IFS((P45>N45),(N45*2),(P45<=N45),(P45*2))} -> 0 | S45: =IFERROR(VLOOKUP(T45,Apoio!A:B,2,0),"") -> 2 | T45: =IFERROR(VLOOKUP(C45,'[1]TB DIN'!$B:$H,4,0),"AGUARDANDO ANEXO") -> 50 | U45: =IFERROR(VLOOKUP(C45,'[1]TB DIN INCLUIDOS'!$B:$H,4,0),"AGUARDANDO ANEXO") -> 1 | V45: {=_xlfn.IFS((U45>S45),(S45*2),(U45<=S45),(U45*2))} -> 2 | X45: =IFERROR(VLOOKUP(Y45,Apoio!A:B,2,0),"") -> 2 | Y45: =IFERROR(VLOOKUP(C45,'[1]TB DIN'!$B:$H,5,0),"AGUARDANDO ANEXO") -> 32 | Z45: =IFERROR(VLOOKUP(C45,'[1]TB DIN INCLUIDOS'!$B:$H,5,0),"AGUARDANDO ANEXO") -> 0 | AA45: {=_xlfn.IFS((Z45>X45),(X45*2),(Z45<=X45),(Z45*2))} -> 0 | AC45: =IFERROR(VLOOKUP(AD45,Apoio!A:B,2,0),"") -> 2 | AD45: =IFERROR(VLOOKUP(C45,'[1]TB DIN'!$B:$H,6,0),"AGUARDANDO ANEXO") -> 35 | AE45: =IFERROR(VLOOKUP(C45,'[1]TB DIN INCLUIDOS'!$B:$H,6,0),"AGUARDANDO ANEXO") -> 0 | AF45: {=_xlfn.IFS((AE45>AC45),(AC45*2),(AE45<=AC45),(AE45*2))} -> 0 | AH45: =SUM(O45,T45,Y45,AD45) -> 140 | AI45: =SUM(P45,U45,Z45,AE45) -> 1 | AJ45: =SUM(Q45,V45,AA45,AF45) -> 2 | AK45: =IF(L45-AH45-Q45-V45-AA45-AF45>0,L45-AH45-Q45-V45-AA45-AF45,0) -> 0 | AL45: =IF(L45-O45-Q45-T45-V45-Y45-AA45-AD45-AF45<0,L45-O45-Q45-T45-V45-Y45-AA45-AD45-AF45,0) -> -2 | AM45: manutenção | AN45: =VLOOKUP(C45,'[2]MARÇO-2024'!$B:$M,12,0) -> 140 | AO45: =AN45-AH45 -> 0 | AP45: =IF(AH45>L45,"Qt de aluno maior que a meta","")
A46: 2 | B46: 36 | C46: 2044 | D46: 33148821 | E46: 33593575023599 | F46: 020311 | G46: CP CRECHE SÃO COSME E SÃO DAMIÃO | H46: CRECHE SÃO COSME E SÃO DAMIÃO | I46: MITRA ARQUIEPISCOPAL DO RIO DE JANEIRO | J46: RUA LEOPOLDO, 434 | K46: ANDARAÍ | L46: 86 | N46: =IFERROR(VLOOKUP(O46,Apoio!A:B,2,0),"") | O46: =IFERROR(VLOOKUP(C46,'[1]TB DIN'!$B:$D,3,0),"AGUARDANDO ANEXO") -> 0 | P46: =IFERROR(VLOOKUP(C46,'[1]TB DIN INCLUIDOS'!$B:$H,3,0),"AGUARDANDO ANEXO") -> 0 | Q46: {=_xlfn.IFS((P46>N46),(N46*2),(P46<=N46),(P46*2))} -> 0 | S46: =IFERROR(VLOOKUP(T46,Apoio!A:B,2,0),"") | T46: =IFERROR(VLOOKUP(C46,'[1]TB DIN'!$B:$H,4,0),"AGUARDANDO ANEXO") -> 0 | U46: =IFERROR(VLOOKUP(C46,'[1]TB DIN INCLUIDOS'!$B:$H,4,0),"AGUARDANDO ANEXO") -> 0 | V46: {=_xlfn.IFS((U46>S46),(S46*2),(U46<=S46),(U46*2))} -> 0 | X46: =IFERROR(VLOOKUP(Y46,Apoio!A:B,2,0),"") -> 2 | Y46: 32 | Z46: =IFERROR(VLOOKUP(C46,'[1]TB DIN INCLUIDOS'!$B:$H,5,0),"AGUARDANDO ANEXO") -> 0 | AA46: {=_xlfn.IFS((Z46>X46),(X46*2),(Z46<=X46),(Z46*2))} -> 0 | AC46: =IFERROR(VLOOKUP(AD46,Apoio!A:B,2,0),"") -> 2 | AD46: 41 | AE46: =IFERROR(VLOOKUP(C46,'[1]TB DIN INCLUIDOS'!$B:$H,6,0),"AGUARDANDO ANEXO") -> 2 | AF46: {=_xlfn.IFS((AE46>AC46),(AC46*2),(AE46<=AC46),(AE46*2))} -> 4 | AH46: =SUM(O46,T46,Y46,AD46) -> 73 | AI46: =SUM(P46,U46,Z46,AE46) -> 2 | AJ46: =SUM(Q46,V46,AA46,AF46) -> 4 | AK46: =IF(L46-AH46-Q46-V46-AA46-AF46>0,L46-AH46-Q46-V46-AA46-AF46,0) -> 9 | AL46: =IF(L46-O46-Q46-T46-V46-Y46-AA46-AD46-AF46<0,L46-O46-Q46-T46-V46-Y46-AA46-AD46-AF46,0) -> 0 | AM46: manutenção | AN46: =VLOOKUP(C46,'[2]MARÇO-2024'!$B:$M,12,0) -> 70 | AO46: =AN46-AH46 -> -3 | AP46: =IF(AH46>L46,"Qt de aluno maior que a meta","")
A47: 2 | B47: 37 | C47: 2045 | D47: 33097160 | E47: 42136531000156 | F47: 020448 | G47: CP CREI - CENTRO DE RECUPERAÇÃO INFANTIL | H47: CREI - CENTRO DE RECUPERAÇÃO INFANTIL | I47: CREI - CENTRO DE RECUPERAÇÃO INFANTIL | J47: RUA JOANA ANGÉLICA, 203 | K47: IPANEMA | L47: 50 | N47: =IFERROR(VLOOKUP(O47,Apoio!A:B,2,0),"") | O47: =IFERROR(VLOOKUP(C47,'[1]TB DIN'!$B:$D,3,0),"AGUARDANDO ANEXO") -> 0 | P47: =IFERROR(VLOOKUP(C47,'[1]TB DIN INCLUIDOS'!$B:$H,3,0),"AGUARDANDO ANEXO") -> 0 | Q47: {=_xlfn.IFS((P47>N47),(N47*2),(P47<=N47),(P47*2))} -> 0 | S47: =IFERROR(VLOOKUP(T47,Apoio!A:B,2,0),"") | T47: =IFERROR(VLOOKUP(C47,'[1]TB DIN'!$B:$H,4,0),"AGUARDANDO ANEXO") -> 0 | U47: =IFERROR(VLOOKUP(C47,'[1]TB DIN INCLUIDOS'!$B:$H,4,0),"AGUARDANDO ANEXO") -> 0 | V47: {=_xlfn.IFS((U47>S47),(S47*2),(U47<=S47),(U47*2))} -> 0 | X47: =IFERROR(VLOOKUP(Y47,Apoio!A:B,2,0),"") -> 1 | Y47: =IFERROR(VLOOKUP(C47,'[1]TB DIN'!$B:$H,5,0),"AGUARDANDO ANEXO") -> 21 | Z47: =IFERROR(VLOOKUP(C47,'[1]TB DIN INCLUIDOS'!$B:$H,5,0),"AGUARDANDO ANEXO") -> 0 | AA47: {=_xlfn.IFS((Z47>X47),(X47*2),(Z47<=X47),(Z47*2))} -> 0 | AC47: =IFERROR(VLOOKUP(AD47,Apoio!A:B,2,0),"") -> 1 | AD47: =IFERROR(VLOOKUP(C47,'[1]TB DIN'!$B:$H,6,0),"AGUARDANDO ANEXO") -> 21 | AE47: =IFERROR(VLOOKUP(C47,'[1]TB DIN INCLUIDOS'!$B:$H,6,0),"AGUARDANDO ANEXO") -> 0 | AF47: {=_xlfn.IFS((AE47>AC47),(AC47*2),(AE47<=AC47),(AE47*2))} -> 0 | AH47: =SUM(O47,T47,Y47,AD47) -> 42 | AI47: =SUM(P47,U47,Z47,AE47) -> 0 | AJ47: =SUM(Q47,V47,AA47,AF47) -> 0 | AK47: =IF(L47-AH47-Q47-V47-AA47-AF47>0,L47-AH47-Q47-V47-AA47-AF47,0) -> 8 | AL47: =IF(L47-O47-Q47-T47-V47-Y47-AA47-AD47-AF47<0,L47-O47-Q47-T47-V47-Y47-AA47-AD47-AF47,0) -> 0 | AM47: manutenção | AN47: =VLOOKUP(C47,'[2]MARÇO-2024'!$B:$M,12,0) -> 45 | AO47: =AN47-AH47 -> 3 | AP47: =IF(AH47>L47,"Qt de aluno maior que a meta","")
A48: 2 | B48: 38 | C48: 2046 | D48: 33114471 | E48: 42144998000148 | F48: 020462 | G48: CP ESPAÇO SANTA TEREZINHA - EST | H48: ESPAÇO SANTA TEREZINHA - EST | I48: DISPENSÁRIO SANTA TEREZINHA DO MENINO JESUS DA GÁVEA | J48: RUA GENERAL RABELO, 09 | K48: GÁVEA | L48: 140 | N48: =IFERROR(VLOOKUP(O48,Apoio!A:B,2,0),"") | O48: =IFERROR(VLOOKUP(C48,'[1]TB DIN'!$B:$D,3,0),"AGUARDANDO ANEXO") -> 0 | P48: =IFERROR(VLOOKUP(C48,'[1]TB DIN INCLUIDOS'!$B:$H,3,0),"AGUARDANDO ANEXO") -> 0 | Q48: {=_xlfn.IFS((P48>N48),(N48*2),(P48<=N48),(P48*2))} -> 0 | S48: =IFERROR(VLOOKUP(T48,Apoio!A:B,2,0),"") -> 2 | T48: 44 | U48: =IFERROR(VLOOKUP(C48,'[1]TB DIN INCLUIDOS'!$B:$H,4,0),"AGUARDANDO ANEXO") -> 0 | V48: {=_xlfn.IFS((U48>S48),(S48*2),(U48<=S48),(U48*2))} -> 0 | X48: =IFERROR(VLOOKUP(Y48,Apoio!A:B,2,0),"") -> 2 | Y48: 48 | Z48: =IFERROR(VLOOKUP(C48,'[1]TB DIN INCLUIDOS'!$B:$H,5,0),"AGUARDANDO ANEXO") -> 0 | AA48: {=_xlfn.IFS((Z48>X48),(X48*2),(Z48<=X48),(Z48*2))} -> 0 | AC48: =IFERROR(VLOOKUP(AD48,Apoio!A:B,2,0),"") -> 2 | AD48: =IFERROR(VLOOKUP(C48,'[1]TB DIN'!$B:$H,6,0),"AGUARDANDO ANEXO") -> 48 | AE48: =IFERROR(VLOOKUP(C48,'[1]TB DIN INCLUIDOS'!$B:$H,6,0),"AGUARDANDO ANEXO") -> 3 | AF48: {=_xlfn.IFS((AE48>AC48),(AC48*2),(AE48<=AC48),(AE48*2))} -> 4 | AH48: =SUM(O48,T48,Y48,AD48) -> 140 | AI48: =SUM(P48,U48,Z48,AE48) -> 3 | AJ48: =SUM(Q48,V48,AA48,AF48) -> 4 | AK48: =IF(L48-AH48-Q48-V48-AA48-AF48>0,L48-AH48-Q48-V48-AA48-AF48,0) -> 0 | AL48: =IF(L48-O48-Q48-T48-V48-Y48-AA48-AD48-AF48<0,L48-O48-Q48-T48-V48-Y48-AA48-AD48-AF48,0) -> -4 | AM48: manutenção | AN48: =VLOOKUP(C48,'[2]MARÇO-2024'!$B:$M,12,0) -> 139 | AO48: =AN48-AH48 -> -1 | AP48: =IF(AH48>L48,"Qt de aluno maior que a meta","")
A49: 2 | B49: 39 | C49: 2047 | D49: 33122970 | E49: 30119770000119 | F49: 020463 | G49: CP GRUPO COMUNITÁRIO MORRO DA ALEGRIA | H49: GRUPO COMUNITÁRIO MORRO DA ALEGRIA | I49: GRUPO COMUNITÁRIO MORRO DA ALEGRIA | J49: RUA UM, 159 | K49: ROCINHA | L49: 75 | N49: =IFERROR(VLOOKUP(O49,Apoio!A:B,2,0),"") | O49: =IFERROR(VLOOKUP(C49,'[1]TB DIN'!$B:$D,3,0),"AGUARDANDO ANEXO") -> 0 | P49: =IFERROR(VLOOKUP(C49,'[1]TB DIN INCLUIDOS'!$B:$H,3,0),"AGUARDANDO ANEXO") -> 0 | Q49: {=_xlfn.IFS((P49>N49),(N49*2),(P49<=N49),(P49*2))} -> 0 | S49: =IFERROR(VLOOKUP(T49,Apoio!A:B,2,0),"") -> 1 | T49: =IFERROR(VLOOKUP(C49,'[1]TB DIN'!$B:$H,4,0),"AGUARDANDO ANEXO") -> 24 | U49: =IFERROR(VLOOKUP(C49,'[1]TB DIN INCLUIDOS'!$B:$H,4,0),"AGUARDANDO ANEXO") -> 0 | V49: {=_xlfn.IFS((U49>S49),(S49*2),(U49<=S49),(U49*2))} -> 0 | X49: =IFERROR(VLOOKUP(Y49,Apoio!A:B,2,0),"") -> 1 | Y49: =IFERROR(VLOOKUP(C49,'[1]TB DIN'!$B:$H,5,0),"AGUARDANDO ANEXO") -> 14 | Z49: =IFERROR(VLOOKUP(C49,'[1]TB DIN INCLUIDOS'!$B:$H,5,0),"AGUARDANDO ANEXO") -> 0 | AA49: {=_xlfn.IFS((Z49>X49),(X49*2),(Z49<=X49),(Z49*2))} -> 0 | AC49: =IFERROR(VLOOKUP(AD49,Apoio!A:B,2,0),"") -> 2 | AD49: 27 | AE49: =IFERROR(VLOOKUP(C49,'[1]TB DIN INCLUIDOS'!$B:$H,6,0),"AGUARDANDO ANEXO") -> 2 | AF49: {=_xlfn.IFS((AE49>AC49),(AC49*2),(AE49<=AC49),(AE49*2))} -> 4 | AH49: =SUM(O49,T49,Y49,AD49) -> 65 | AI49: =SUM(P49,U49,Z49,AE49) -> 2 | AJ49: =SUM(Q49,V49,AA49,AF49) -> 4 | AK49: =IF(L49-AH49-Q49-V49-AA49-AF49>0,L49-AH49-Q49-V49-AA49-AF49,0) -> 6 | AL49: =IF(L49-O49-Q49-T49-V49-Y49-AA49-AD49-AF49<0,L49-O49-Q49-T49-V49-Y49-AA49-AD49-AF49,0) -> 0 | AM49: manutenção c/ aumento de meta | AN49: =VLOOKUP(C49,'[2]MARÇO-2024'!$B:$M,12,0) -> 58 | AO49: =AN49-AH49 -> -7 | AP49: =IF(AH49>L49,"Qt de aluno maior que a meta","")
A50: 2 | B50: 40 | C50: 2048 | D50: 33169063 | E50: 42106799000145 | F50: 020096 | G50: CP LAR CANTINHO FELIZ | H50: LAR CANTINHO FELIZ | I50: LAR CANTINHO FELIZ | J50: RUA TORRES HOMEM, 1024 | K50: VILA ISABEL | L50: 110 | N50: =IFERROR(VLOOKUP(O50,Apoio!A:B,2,0),"") | O50: =IFERROR(VLOOKUP(C50,'[1]TB DIN'!$B:$D,3,0),"AGUARDANDO ANEXO") -> 0 | P50: =IFERROR(VLOOKUP(C50,'[1]TB DIN INCLUIDOS'!$B:$H,3,0),"AGUARDANDO ANEXO") -> 0 | Q50: {=_xlfn.IFS((P50>N50),(N50*2),(P50<=N50),(P50*2))} -> 0 | S50: =IFERROR(VLOOKUP(T50,Apoio!A:B,2,0),"") -> 1 | T50: 23 | U50: =IFERROR(VLOOKUP(C50,'[1]TB DIN INCLUIDOS'!$B:$H,4,0),"AGUARDANDO ANEXO") -> 0 | V50: {=_xlfn.IFS((U50>S50),(S50*2),(U50<=S50),(U50*2))} -> 0 | X50: =IFERROR(VLOOKUP(Y50,Apoio!A:B,2,0),"") -> 2 | Y50: =IFERROR(VLOOKUP(C50,'[1]TB DIN'!$B:$H,5,0),"AGUARDANDO ANEXO") -> 43 | Z50: =IFERROR(VLOOKUP(C50,'[1]TB DIN INCLUIDOS'!$B:$H,5,0),"AGUARDANDO ANEXO") -> 1 | AA50: {=_xlfn.IFS((Z50>X50),(X50*2),(Z50<=X50),(Z50*2))} -> 2 | AC50: =IFERROR(VLOOKUP(AD50,Apoio!A:B,2,0),"") -> 2 | AD50: 44 | AE50: =IFERROR(VLOOKUP(C50,'[1]TB DIN INCLUIDOS'!$B:$H,6,0),"AGUARDANDO ANEXO") -> 1 | AF50: {=_xlfn.IFS((AE50>AC50),(AC50*2),(AE50<=AC50),(AE50*2))} -> 2 | AH50: =SUM(O50,T50,Y50,AD50) -> 110 | AI50: =SUM(P50,U50,Z50,AE50) -> 2 | AJ50: =SUM(Q50,V50,AA50,AF50) -> 4 | AK50: =IF(L50-AH50-Q50-V50-AA50-AF50>0,L50-AH50-Q50-V50-AA50-AF50,0) -> 0 | AL50: =IF(L50-O50-Q50-T50-V50-Y50-AA50-AD50-AF50<0,L50-O50-Q50-T50-V50-Y50-AA50-AD50-AF50,0) -> -4 | AM50: manutenção | AN50: =VLOOKUP(C50,'[2]MARÇO-2024'!$B:$M,12,0) -> 110 | AO50: =AN50-AH50 -> 0 | AP50: =IF(AH50>L50,"Qt de aluno maior que a meta","")
A51: 2 | B51: 41 | C51: 2049 | D51: 33120935 | E51: 33522079000170 | F51: 022195 | G51: CP OBRA DO BERÇO | H51: OBRA DO BERÇO | I51: OBRA DO BERÇO | J51: RUA CÍCERO DE GÓIS MONTEIRO, 19 | K51: LAGOA | L51: 85 | N51: =IFERROR(VLOOKUP(O51,Apoio!A:B,2,0),"") -> 1 | O51: 3 | P51: 0 | Q51: {=_xlfn.IFS((P51>N51),(N51*2),(P51<=N51),(P51*2))} -> 0 | S51: =IFERROR(VLOOKUP(T51,Apoio!A:B,2,0),"") -> 1 | T51: =IFERROR(VLOOKUP(C51,'[1]TB DIN'!$B:$H,4,0),"AGUARDANDO ANEXO") -> 21 | U51: 2 | V51: {=_xlfn.IFS((U51>S51),(S51*2),(U51<=S51),(U51*2))} -> 2 | X51: =IFERROR(VLOOKUP(Y51,Apoio!A:B,2,0),"") -> 1 | Y51: 20 | Z51: =IFERROR(VLOOKUP(C51,'[1]TB DIN INCLUIDOS'!$B:$H,5,0),"AGUARDANDO ANEXO") -> 1 | AA51: {=_xlfn.IFS((Z51>X51),(X51*2),(Z51<=X51),(Z51*2))} -> 2 | AC51: =IFERROR(VLOOKUP(AD51,Apoio!A:B,2,0),"") -> 2 | AD51: 37 | AE51: =IFERROR(VLOOKUP(C51,'[1]TB DIN INCLUIDOS'!$B:$H,6,0),"AGUARDANDO ANEXO") -> 1 | AF51: {=_xlfn.IFS((AE51>AC51),(AC51*2),(AE51<=AC51),(AE51*2))} -> 2 | AH51: =SUM(O51,T51,Y51,AD51) -> 81 | AI51: =SUM(P51,U51,Z51,AE51) -> 4 | AJ51: =SUM(Q51,V51,AA51,AF51) -> 6 | AK51: =IF(L51-AH51-Q51-V51-AA51-AF51>0,L51-AH51-Q51-V51-AA51-AF51,0) -> 0 | AL51: =IF(L51-O51-Q51-T51-V51-Y51-AA51-AD51-AF51<0,L51-O51-Q51-T51-V51-Y51-AA51-AD51-AF51,0) -> -2 | AM51: manutenção | AN51: =VLOOKUP(C51,'[2]MARÇO-2024'!$B:$M,12,0) -> 82 | AO51: =AN51-AH51 -> 1 | AP51: =IF(AH51>L51,"Qt de aluno maior que a meta","")
A52: 2 | B52: 42 | C52: 2052 | D52: 33182175 | E52: 34114470000106 | F52: 020149 | G52: CP CRECHE CASA SANTA MARTA | H52: CRECHE CASA SANTA MARTHA | I52: ASSOCIAÇÃO DOS ANTIGOS ALUNOS DOS PADRES JESUÍTAS (ASIA) | J52: RUA MARECHAL FRANCISCO DE MOURA, 234 | K52: BOTAFOGO | L52: 96 | N52: =IFERROR(VLOOKUP(O52,Apoio!A:B,2,0),"") -> 1 | O52: =IFERROR(VLOOKUP(C52,'[1]TB DIN'!$B:$D,3,0),"AGUARDANDO ANEXO") -> 10 | P52: =IFERROR(VLOOKUP(C52,'[1]TB DIN INCLUIDOS'!$B:$H,3,0),"AGUARDANDO ANEXO") -> 0 | Q52: {=_xlfn.IFS((P52>N52),(N52*2),(P52<=N52),(P52*2))} -> 0 | S52: =IFERROR(VLOOKUP(T52,Apoio!A:B,2,0),"") -> 2 | T52: =IFERROR(VLOOKUP(C52,'[1]TB DIN'!$B:$H,4,0),"AGUARDANDO ANEXO") -> 27 | U52: =IFERROR(VLOOKUP(C52,'[1]TB DIN INCLUIDOS'!$B:$H,4,0),"AGUARDANDO ANEXO") -> 0 | V52: {=_xlfn.IFS((U52>S52),(S52*2),(U52<=S52),(U52*2))} -> 0 | X52: =IFERROR(VLOOKUP(Y52,Apoio!A:B,2,0),"") -> 1 | Y52: =IFERROR(VLOOKUP(C52,'[1]TB DIN'!$B:$H,5,0),"AGUARDANDO ANEXO") -> 20 | Z52: =IFERROR(VLOOKUP(C52,'[1]TB DIN INCLUIDOS'!$B:$H,5,0),"AGUARDANDO ANEXO") -> 0 | AA52: {=_xlfn.IFS((Z52>X52),(X52*2),(Z52<=X52),(Z52*2))} -> 0 | AC52: =IFERROR(VLOOKUP(AD52,Apoio!A:B,2,0),"") -> 2 | AD52: 37 | AE52: =IFERROR(VLOOKUP(C52,'[1]TB DIN INCLUIDOS'!$B:$H,6,0),"AGUARDANDO ANEXO") -> 2 | AF52: {=_xlfn.IFS((AE52>AC52),(AC52*2),(AE52<=AC52),(AE52*2))} -> 4 | AH52: =SUM(O52,T52,Y52,AD52) -> 94 | AI52: =SUM(P52,U52,Z52,AE52) -> 2 | AJ52: =SUM(Q52,V52,AA52,AF52) -> 4 | AK52: =IF(L52-AH52-Q52-V52-AA52-AF52>0,L52-AH52-Q52-V52-AA52-AF52,0) -> 0 | AL52: =IF(L52-O52-Q52-T52-V52-Y52-AA52-AD52-AF52<0,L52-O52-Q52-T52-V52-Y52-AA52-AD52-AF52,0) -> -2 | AM52: manutenção | AN52: =VLOOKUP(C52,'[2]MARÇO-2024'!$B:$M,12,0) -> 94 | AO52: =AN52-AH52 -> 0 | AP52: =IF(AH52>L52,"Qt de aluno maior que a meta","")
A53: 2 | B53: 43 | C53: 2053 | D53: 33121982 | E53: 42185041000140 | F53: 020481 | G53: CP CRECHE ESPERANÇA | H53: CRECHE ESPERANÇA | I53: SASP - SERVIÇO DE ASSISTÊNCIA SOCIAL PENTECOSTAL | J53: RUA ADALBERTO FERREIRA, 35 | K53: LEBLON | L53: 100 | N53: =IFERROR(VLOOKUP(O53,Apoio!A:B,2,0),"") -> 1 | O53: =IFERROR(VLOOKUP(C53,'[1]TB DIN'!$B:$D,3,0),"AGUARDANDO ANEXO") -> 9 | P53: =IFERROR(VLOOKUP(C53,'[1]TB DIN INCLUIDOS'!$B:$H,3,0),"AGUARDANDO ANEXO") -> 0 | Q53: {=_xlfn.IFS((P53>N53),(N53*2),(P53<=N53),(P53*2))} -> 0 | S53: =IFERROR(VLOOKUP(T53,Apoio!A:B,2,0),"") -> 2 | T53: 30 | U53: =IFERROR(VLOOKUP(C53,'[1]TB DIN INCLUIDOS'!$B:$H,4,0),"AGUARDANDO ANEXO") -> 0 | V53: {=_xlfn.IFS((U53>S53),(S53*2),(U53<=S53),(U53*2))} -> 0 | X53: =IFERROR(VLOOKUP(Y53,Apoio!A:B,2,0),"") -> 2 | Y53: =IFERROR(VLOOKUP(C53,'[1]TB DIN'!$B:$H,5,0),"AGUARDANDO ANEXO") -> 30 | Z53: 2 | AA53: {=_xlfn.IFS((Z53>X53),(X53*2),(Z53<=X53),(Z53*2))} -> 4 | AC53: =IFERROR(VLOOKUP(AD53,Apoio!A:B,2,0),"") -> 2 | AD53: =IFERROR(VLOOKUP(C53,'[1]TB DIN'!$B:$H,6,0),"AGUARDANDO ANEXO") -> 28 | AE53: =IFERROR(VLOOKUP(C53,'[1]TB DIN INCLUIDOS'!$B:$H,6,0),"AGUARDANDO ANEXO") -> 1 | AF53: {=_xlfn.IFS((AE53>AC53),(AC53*2),(AE53<=AC53),(AE53*2))} -> 2 | AH53: =SUM(O53,T53,Y53,AD53) -> 97 | AI53: =SUM(P53,U53,Z53,AE53) -> 3 | AJ53: =SUM(Q53,V53,AA53,AF53) -> 6 | AK53: =IF(L53-AH53-Q53-V53-AA53-AF53>0,L53-AH53-Q53-V53-AA53-AF53,0) -> 0 | AL53: =IF(L53-O53-Q53-T53-V53-Y53-AA53-AD53-AF53<0,L53-O53-Q53-T53-V53-Y53-AA53-AD53-AF53,0) -> -3 | AM53: manutenção | AN53: =VLOOKUP(C53,'[2]MARÇO-2024'!$B:$M,12,0) -> 98 | AO53: =AN53-AH53 -> 1 | AP53: =IF(AH53>L53,"Qt de aluno maior que a meta","")
A54: 2 | B54: 44 | C54: 2054 | D54: 33182540 | E54: 05683369000160 | F54: 022205 | G54: CP UNIÃO DE MULHERES PRO-MELHORAMENTO DA ROUPA SUJA | H54: UNIÃO DE MULHERES PRÓ-MELHORAMENTO DA ROUPA SUJA | I54: UNIÃO DE MULHERES PRÓ-MELHORAMENTO DA ROUPA SUJA | J54: RUA UM, 325 | K54: ROCINHA | L54: 75 | N54: =IFERROR(VLOOKUP(O54,Apoio!A:B,2,0),"") -> 1 | O54: 12 | P54: =IFERROR(VLOOKUP(C54,'[1]TB DIN INCLUIDOS'!$B:$H,3,0),"AGUARDANDO ANEXO") -> 0 | Q54: {=_xlfn.IFS((P54>N54),(N54*2),(P54<=N54),(P54*2))} -> 0 | S54: =IFERROR(VLOOKUP(T54,Apoio!A:B,2,0),"") -> 1 | T54: 15 | U54: =IFERROR(VLOOKUP(C54,'[1]TB DIN INCLUIDOS'!$B:$H,4,0),"AGUARDANDO ANEXO") -> 0 | V54: {=_xlfn.IFS((U54>S54),(S54*2),(U54<=S54),(U54*2))} -> 0 | X54: =IFERROR(VLOOKUP(Y54,Apoio!A:B,2,0),"") -> 1 | Y54: 19 | Z54: =IFERROR(VLOOKUP(C54,'[1]TB DIN INCLUIDOS'!$B:$H,5,0),"AGUARDANDO ANEXO") -> 0 | AA54: {=_xlfn.IFS((Z54>X54),(X54*2),(Z54<=X54),(Z54*2))} -> 0 | AC54: =IFERROR(VLOOKUP(AD54,Apoio!A:B,2,0),"") -> 1 | AD54: =IFERROR(VLOOKUP(C54,'[1]TB DIN'!$B:$H,6,0),"AGUARDANDO ANEXO") -> 16 | AE54: =IFERROR(VLOOKUP(C54,'[1]TB DIN INCLUIDOS'!$B:$H,6,0),"AGUARDANDO ANEXO") -> 0 | AF54: {=_xlfn.IFS((AE54>AC54),(AC54*2),(AE54<=AC54),(AE54*2))} -> 0 | AH54: =SUM(O54,T54,Y54,AD54) -> 62 | AI54: =SUM(P54,U54,Z54,AE54) -> 0 | AJ54: =SUM(Q54,V54,AA54,AF54) -> 0 | AK54: =IF(L54-AH54-Q54-V54-AA54-AF54>0,L54-AH54-Q54-V54-AA54-AF54,0) -> 13 | AL54: =IF(L54-O54-Q54-T54-V54-Y54-AA54-AD54-AF54<0,L54-O54-Q54-T54-V54-Y54-AA54-AD54-AF54,0) -> 0 | AM54: manutenção | AN54: =VLOOKUP(C54,'[2]MARÇO-2024'!$B:$M,12,0) -> 64 | AO54: =AN54-AH54 -> 2 | AP54: =IF(AH54>L54,"Qt de aluno maior que a meta","")
A55: 2 | B55: 45 | C55: 2055 | D55: 33349215 | E55: 34054148000120 | F55: 020487 | G55: CP CRECHE CASA DO POBRE DE NOSSA SENHORA DE COPACABANA | H55: CRECHE CASA DO POBRE DE NOSSA SENHORA DE COPACABANA | I55: CRECHE CASA DO POBRE DE NOSSA SENHORA DE COPACABANA | J55: RUA HILÁRIO DE GOUVÊIA, 36 - 4º ANDAR | K55: COPACABANA | L55: 79 | N55: =IFERROR(VLOOKUP(O55,Apoio!A:B,2,0),"") | O55: =IFERROR(VLOOKUP(C55,'[1]TB DIN'!$B:$D,3,0),"AGUARDANDO ANEXO") -> 0 | P55: =IFERROR(VLOOKUP(C55,'[1]TB DIN INCLUIDOS'!$B:$H,3,0),"AGUARDANDO ANEXO") -> 0 | Q55: {=_xlfn.IFS((P55>N55),(N55*2),(P55<=N55),(P55*2))} -> 0 | S55: =IFERROR(VLOOKUP(T55,Apoio!A:B,2,0),"") | T55: =IFERROR(VLOOKUP(C55,'[1]TB DIN'!$B:$H,4,0),"AGUARDANDO ANEXO") -> 0 | U55: =IFERROR(VLOOKUP(C55,'[1]TB DIN INCLUIDOS'!$B:$H,4,0),"AGUARDANDO ANEXO") -> 0 | V55: {=_xlfn.IFS((U55>S55),(S55*2),(U55<=S55),(U55*2))} -> 0 | X55: =IFERROR(VLOOKUP(Y55,Apoio!A:B,2,0),"") -> 2 | Y55: =IFERROR(VLOOKUP(C55,'[1]TB DIN'!$B:$H,5,0),"AGUARDANDO ANEXO") -> 40 | Z55: =IFERROR(VLOOKUP(C55,'[1]TB DIN INCLUIDOS'!$B:$H,5,0),"AGUARDANDO ANEXO") -> 2 | AA55: {=_xlfn.IFS((Z55>X55),(X55*2),(Z55<=X55),(Z55*2))} -> 4 | AC55: =IFERROR(VLOOKUP(AD55,Apoio!A:B,2,0),"") -> 2 | AD55: 37 | AE55: 0 | AF55: {=_xlfn.IFS((AE55>AC55),(AC55*2),(AE55<=AC55),(AE55*2))} -> 0 | AH55: =SUM(O55,T55,Y55,AD55) -> 77 | AI55: =SUM(P55,U55,Z55,AE55) -> 2 | AJ55: =SUM(Q55,V55,AA55,AF55) -> 4 | AK55: =IF(L55-AH55-Q55-V55-AA55-AF55>0,L55-AH55-Q55-V55-AA55-AF55,0) -> 0 | AL55: =IF(L55-O55-Q55-T55-V55-Y55-AA55-AD55-AF55<0,L55-O55-Q55-T55-V55-Y55-AA55-AD55-AF55,0) -> -2 | AM55: manutenção | AN55: =VLOOKUP(C55,'[2]MARÇO-2024'!$B:$M,12,0) -> 78 | AO55: =AN55-AH55 -> 1 | AP55: =IF(AH55>L55,"Qt de aluno maior que a meta","")
A56: 2 | B56: 46 | C56: 2056 | D56: 33187657 | E56: 68696962000160 | F56: 021436 | G56: CP CRECHE SANTA CLARA DE ASSIS NA PROVIDÊNCIA DE DEUS | H56: CRECHE SANTA CLARA DE ASSIS NA PROVIDÊNCIA DE DEUS | I56: INSTITUTO MISSIONÁRIO COMUNHÃO E PARTICIPAÇÃO | J56: RUA BENEDITO CALIXTO, 92/94 | K56: VIDIGAL | L56: 115 | N56: =IFERROR(VLOOKUP(O56,Apoio!A:B,2,0),"") | O56: =IFERROR(VLOOKUP(C56,'[1]TB DIN'!$B:$D,3,0),"AGUARDANDO ANEXO") -> 0 | P56: =IFERROR(VLOOKUP(C56,'[1]TB DIN INCLUIDOS'!$B:$H,3,0),"AGUARDANDO ANEXO") -> 0 | Q56: {=_xlfn.IFS((P56>N56),(N56*2),(P56<=N56),(P56*2))} -> 0 | S56: =IFERROR(VLOOKUP(T56,Apoio!A:B,2,0),"") | T56: =IFERROR(VLOOKUP(C56,'[1]TB DIN'!$B:$H,4,0),"AGUARDANDO ANEXO") -> 0 | U56: =IFERROR(VLOOKUP(C56,'[1]TB DIN INCLUIDOS'!$B:$H,4,0),"AGUARDANDO ANEXO") -> 0 | V56: {=_xlfn.IFS((U56>S56),(S56*2),(U56<=S56),(U56*2))} -> 0 | X56: =IFERROR(VLOOKUP(Y56,Apoio!A:B,2,0),"") -> 3 | Y56: 64 | Z56: =IFERROR(VLOOKUP(C56,'[1]TB DIN INCLUIDOS'!$B:$H,5,0),"AGUARDANDO ANEXO") -> 0 | AA56: {=_xlfn.IFS((Z56>X56),(X56*2),(Z56<=X56),(Z56*2))} -> 0 | AC56: =IFERROR(VLOOKUP(AD56,Apoio!A:B,2,0),"") -> 2 | AD56: 50 | AE56: =IFERROR(VLOOKUP(C56,'[1]TB DIN INCLUIDOS'!$B:$H,6,0),"AGUARDANDO ANEXO") -> 1 | AF56: {=_xlfn.IFS((AE56>AC56),(AC56*2),(AE56<=AC56),(AE56*2))} -> 2 | AH56: =SUM(O56,T56,Y56,AD56) -> 114 | AI56: =SUM(P56,U56,Z56,AE56) -> 1 | AJ56: =SUM(Q56,V56,AA56,AF56) -> 2 | AK56: =IF(L56-AH56-Q56-V56-AA56-AF56>0,L56-AH56-Q56-V56-AA56-AF56,0) -> 0 | AL56: =IF(L56-O56-Q56-T56-V56-Y56-AA56-AD56-AF56<0,L56-O56-Q56-T56-V56-Y56-AA56-AD56-AF56,0) -> -1 | AM56: manutenção c/ aumento de meta | AN56: =VLOOKUP(C56,'[2]MARÇO-2024'!$B:$M,12,0) -> 114 | AO56: =AN56-AH56 -> 0 | AP56: =IF(AH56>L56,"Qt de aluno maior que a meta","")
A57: 2 | B57: 47 | C57: 2057 | D57: 33145024 | E57: 01097940000103 | F57: 020071 | G57: CP CENTRO EDUCACIONAL ESPERANÇA | H57: CENTRO EDUCACIONAL ESPERANÇA | I57: PRIMEIRA IGREJA BATISTA DO ALTO DA BOA VISTA | J57: ESTRADA DO BIGUÁ, 336 | K57: ALTO DA BOA VISTA | L57: 60 | N57: =IFERROR(VLOOKUP(O57,Apoio!A:B,2,0),"") | O57: =IFERROR(VLOOKUP(C57,'[1]TB DIN'!$B:$D,3,0),"AGUARDANDO ANEXO") -> 0 | P57: =IFERROR(VLOOKUP(C57,'[1]TB DIN INCLUIDOS'!$B:$H,3,0),"AGUARDANDO ANEXO") -> 0 | Q57: {=_xlfn.IFS((P57>N57),(N57*2),(P57<=N57),(P57*2))} -> 0 | S57: =IFERROR(VLOOKUP(T57,Apoio!A:B,2,0),"") | T57: =IFERROR(VLOOKUP(C57,'[1]TB DIN'!$B:$H,4,0),"AGUARDANDO ANEXO") -> 0 | U57: =IFERROR(VLOOKUP(C57,'[1]TB DIN INCLUIDOS'!$B:$H,4,0),"AGUARDANDO ANEXO") -> 0 | V57: {=_xlfn.IFS((U57>S57),(S57*2),(U57<=S57),(U57*2))} -> 0 | X57: =IFERROR(VLOOKUP(Y57,Apoio!A:B,2,0),"") -> 1 | Y57: 20 | Z57: =IFERROR(VLOOKUP(C57,'[1]TB DIN INCLUIDOS'!$B:$H,5,0),"AGUARDANDO ANEXO") -> 0 | AA57: {=_xlfn.IFS((Z57>X57),(X57*2),(Z57<=X57),(Z57*2))} -> 0 | AC57: =IFERROR(VLOOKUP(AD57,Apoio!A:B,2,0),"") -> 1 | AD57: =IFERROR(VLOOKUP(C57,'[1]TB DIN'!$B:$H,6,0),"AGUARDANDO ANEXO") -> 25 | AE57: =IFERROR(VLOOKUP(C57,'[1]TB DIN INCLUIDOS'!$B:$H,6,0),"AGUARDANDO ANEXO") -> 0 | AF57: {=_xlfn.IFS((AE57>AC57),(AC57*2),(AE57<=AC57),(AE57*2))} -> 0 | AH57: =SUM(O57,T57,Y57,AD57) -> 45 | AI57: =SUM(P57,U57,Z57,AE57) -> 0 | AJ57: =SUM(Q57,V57,AA57,AF57) -> 0 | AK57: =IF(L57-AH57-Q57-V57-AA57-AF57>0,L57-AH57-Q57-V57-AA57-AF57,0) -> 15 | AL57: =IF(L57-O57-Q57-T57-V57-Y57-AA57-AD57-AF57<0,L57-O57-Q57-T57-V57-Y57-AA57-AD57-AF57,0) -> 0 | AM57: manutenção | AN57: =VLOOKUP(C57,'[2]MARÇO-2024'!$B:$M,12,0) -> 44 | AO57: =AN57-AH57 -> -1 | AP57: =IF(AH57>L57,"Qt de aluno maior que a meta","")
A58: 2 | B58: 48 | C58: 2058 | D58: 33192642 | E58: 5575736000101 | F58: 20309 | G58: CP NASCEER - NÚCLEO DE ASSIST. SOCIAL CULTURAL EDUC. ECOLÓGICO DA ROCINHA | H58: NASCEER - NÚCLEO DE ASSISTÊNCIA SOCIAL CULTURAL EDUCACIONAL ECOLÓGICO DA ROCINHA | I58: NASCEER - NÚCLEO DE ASSISTÊNCIA SOCIAL CULTURAL EDUCACIONAL ECOLÓGICO DA ROCINHA | J58: ESTRADA DA GÁVEA, 436 - FUNDOS | K58: ROCINHA | L58: 81 | N58: =IFERROR(VLOOKUP(O58,Apoio!A:B,2,0),"") | O58: =IFERROR(VLOOKUP(C58,'[1]TB DIN'!$B:$D,3,0),"AGUARDANDO ANEXO") -> 0 | P58: =IFERROR(VLOOKUP(C58,'[1]TB DIN INCLUIDOS'!$B:$H,3,0),"AGUARDANDO ANEXO") -> 0 | Q58: {=_xlfn.IFS((P58>N58),(N58*2),(P58<=N58),(P58*2))} -> 0 | S58: =IFERROR(VLOOKUP(T58,Apoio!A:B,2,0),"") | T58: =IFERROR(VLOOKUP(C58,'[1]TB DIN'!$B:$H,4,0),"AGUARDANDO ANEXO") -> 0 | U58: =IFERROR(VLOOKUP(C58,'[1]TB DIN INCLUIDOS'!$B:$H,4,0),"AGUARDANDO ANEXO") -> 0 | V58: {=_xlfn.IFS((U58>S58),(S58*2),(U58<=S58),(U58*2))} -> 0 | X58: =IFERROR(VLOOKUP(Y58,Apoio!A:B,2,0),"") -> 2 | Y58: =IFERROR(VLOOKUP(C58,'[1]TB DIN'!$B:$H,5,0),"AGUARDANDO ANEXO") -> 40 | Z58: =IFERROR(VLOOKUP(C58,'[1]TB DIN INCLUIDOS'!$B:$H,5,0),"AGUARDANDO ANEXO") -> 0 | AA58: {=_xlfn.IFS((Z58>X58),(X58*2),(Z58<=X58),(Z58*2))} -> 0 | AC58: =IFERROR(VLOOKUP(AD58,Apoio!A:B,2,0),"") -> 2 | AD58: =IFERROR(VLOOKUP(C58,'[1]TB DIN'!$B:$H,6,0),"AGUARDANDO ANEXO") -> 40 | AE58: =IFERROR(VLOOKUP(C58,'[1]TB DIN INCLUIDOS'!$B:$H,6,0),"AGUARDANDO ANEXO") -> 1 | AF58: {=_xlfn.IFS((AE58>AC58),(AC58*2),(AE58<=AC58),(AE58*2))} -> 2 | AH58: =SUM(O58,T58,Y58,AD58) -> 80 | AI58: =SUM(P58,U58,Z58,AE58) -> 1 | AJ58: =SUM(Q58,V58,AA58,AF58) -> 2 | AK58: =IF(L58-AH58-Q58-V58-AA58-AF58>0,L58-AH58-Q58-V58-AA58-AF58,0) -> 0 | AL58: =IF(L58-O58-Q58-T58-V58-Y58-AA58-AD58-AF58<0,L58-O58-Q58-T58-V58-Y58-AA58-AD58-AF58,0) -> -1 | AM58: manutenção | AN58: =VLOOKUP(C58,'[2]MARÇO-2024'!$B:$M,12,0) -> 80 | AO58: =AN58-AH58 -> 0 | AP58: =IF(AH58>L58,"Qt de aluno maior que a meta","")
A59: 2 | B59: 49 | C59: 2060 | D59: 33198098 | E59: 3465953000113 | F59: 20276 | G59: CP ASSOCIAÇÃO CENTRO EDUCACIONAL REBRAL - ROCINHA | H59: ASSOCIAÇÃO CENTRO EDUCACIONAL REBRAL | I59: ASSOCIAÇÃO CENTRO EDUCACIONAL REBRAL | J59: RUA DOIS, Nº 55 | K59: ROCINHA | L59: 135 | N59: =IFERROR(VLOOKUP(O59,Apoio!A:B,2,0),"") | O59: =IFERROR(VLOOKUP(C59,'[1]TB DIN'!$B:$D,3,0),"AGUARDANDO ANEXO") -> 0 | P59: =IFERROR(VLOOKUP(C59,'[1]TB DIN INCLUIDOS'!$B:$H,3,0),"AGUARDANDO ANEXO") -> 0 | Q59: {=_xlfn.IFS((P59>N59),(N59*2),(P59<=N59),(P59*2))} -> 0 | S59: =IFERROR(VLOOKUP(T59,Apoio!A:B,2,0),"") | T59: =IFERROR(VLOOKUP(C59,'[1]TB DIN'!$B:$H,4,0),"AGUARDANDO ANEXO") -> 0 | U59: =IFERROR(VLOOKUP(C59,'[1]TB DIN INCLUIDOS'!$B:$H,4,0),"AGUARDANDO ANEXO") -> 0 | V59: {=_xlfn.IFS((U59>S59),(S59*2),(U59<=S59),(U59*2))} -> 0 | X59: =IFERROR(VLOOKUP(Y59,Apoio!A:B,2,0),"") -> 2 | Y59: 27 | Z59: =IFERROR(VLOOKUP(C59,'[1]TB DIN INCLUIDOS'!$B:$H,5,0),"AGUARDANDO ANEXO") -> 0 | AA59: {=_xlfn.IFS((Z59>X59),(X59*2),(Z59<=X59),(Z59*2))} -> 0 | AC59: =IFERROR(VLOOKUP(AD59,Apoio!A:B,2,0),"") -> 2 | AD59: 33 | AE59: =IFERROR(VLOOKUP(C59,'[1]TB DIN INCLUIDOS'!$B:$H,6,0),"AGUARDANDO ANEXO") -> 0 | AF59: {=_xlfn.IFS((AE59>AC59),(AC59*2),(AE59<=AC59),(AE59*2))} -> 0 | AH59: =SUM(O59,T59,Y59,AD59) -> 60 | AI59: =SUM(P59,U59,Z59,AE59) -> 0 | AJ59: =SUM(Q59,V59,AA59,AF59) -> 0 | AK59: =IF(L59-AH59-Q59-V59-AA59-AF59>0,L59-AH59-Q59-V59-AA59-AF59,0) -> 75 | AL59: =IF(L59-O59-Q59-T59-V59-Y59-AA59-AD59-AF59<0,L59-O59-Q59-T59-V59-Y59-AA59-AD59-AF59,0) -> 0 | AM59: manutenção c/ aumento de meta | AN59: =VLOOKUP(C59,'[2]MARÇO-2024'!$B:$M,12,0) -> 67 | AO59: =AN59-AH59 -> 7 | AP59: =IF(AH59>L59,"Qt de aluno maior que a meta","")
A60: 2 | B60: 50 | C60: 2061 | D60: 33199469 | G60: CP CRECHE INSTITUTO MACINTYRE | H60: INSTITUTO MACINTYRE | I60: INSTITUTO MACINTYRE | J60: Av. Pavãozinho Nº 02 Com. Pavãozinho -Cantagalo | K60: COPACABANA | L60: 70 | N60: =IFERROR(VLOOKUP(O60,Apoio!A:B,2,0),"") | O60: =IFERROR(VLOOKUP(C60,'[1]TB DIN'!$B:$D,3,0),"AGUARDANDO ANEXO") -> 0 | P60: =IFERROR(VLOOKUP(C60,'[1]TB DIN INCLUIDOS'!$B:$H,3,0),"AGUARDANDO ANEXO") -> 0 | Q60: {=_xlfn.IFS((P60>N60),(N60*2),(P60<=N60),(P60*2))} -> 0 | S60: =IFERROR(VLOOKUP(T60,Apoio!A:B,2,0),"") | T60: =IFERROR(VLOOKUP(C60,'[1]TB DIN'!$B:$H,4,0),"AGUARDANDO ANEXO") -> 0 | U60: =IFERROR(VLOOKUP(C60,'[1]TB DIN INCLUIDOS'!$B:$H,4,0),"AGUARDANDO ANEXO") -> 0 | V60: {=_xlfn.IFS((U60>S60),(S60*2),(U60<=S60),(U60*2))} -> 0 | X60: =IFERROR(VLOOKUP(Y60,Apoio!A:B,2,0),"") -> 3 | Y60: 63 | Z60: 4 | AA60: {=_xlfn.IFS((Z60>X60),(X60*2),(Z60<=X60),(Z60*2))} -> 6 | AC60: =IFERROR(VLOOKUP(AD60,Apoio!A:B,2,0),"") -> 1 | AD60: 12 | AE60: =IFERROR(VLOOKUP(C60,'[1]TB DIN INCLUIDOS'!$B:$H,6,0),"AGUARDANDO ANEXO") -> 1 | AF60: {=_xlfn.IFS((AE60>AC60),(AC60*2),(AE60<=AC60),(AE60*2))} -> 2 | AH60: =SUM(O60,T60,Y60,AD60) -> 75 | AI60: =SUM(P60,U60,Z60,AE60) -> 5 | AJ60: =SUM(Q60,V60,AA60,AF60) -> 8 | AK60: =IF(L60-AH60-Q60-V60-AA60-AF60>0,L60-AH60-Q60-V60-AA60-AF60,0) -> 0 | AL60: =IF(L60-O60-Q60-T60-V60-Y60-AA60-AD60-AF60<0,L60-O60-Q60-T60-V60-Y60-AA60-AD60-AF60,0) -> -13 | AM60: nova | AN60: =VLOOKUP(C60,'[2]MARÇO-2024'!$B:$M,12,0) -> 62 | AO60: =AN60-AH60 -> -13 | AP60: =IF(AH60>L60,"Qt de aluno maior que a meta","") -> Qt de aluno maior que a meta
A61: 2 | B61: 51 | C61: 2062 | D61: 33196664 | G61: CP CENTRO EDUCACIONAL ROUPA FELIZ | H61: CENTRO EDUCACIONAL ROUPA FELIZ | I61: CENTRO EDUCACIONA ROUPA FELIZ | J61: Rua Um, 245 CS OS | K61: ROCINHA | L61: 30 | N61: =IFERROR(VLOOKUP(O61,Apoio!A:B,2,0),"") | O61: =IFERROR(VLOOKUP(C61,'[1]TB DIN'!$B:$D,3,0),"AGUARDANDO ANEXO") -> 0 | P61: =IFERROR(VLOOKUP(C61,'[1]TB DIN INCLUIDOS'!$B:$H,3,0),"AGUARDANDO ANEXO") -> 0 | Q61: {=_xlfn.IFS((P61>N61),(N61*2),(P61<=N61),(P61*2))} -> 0 | S61: =IFERROR(VLOOKUP(T61,Apoio!A:B,2,0),"") | T61: =IFERROR(VLOOKUP(C61,'[1]TB DIN'!$B:$H,4,0),"AGUARDANDO ANEXO") -> 0 | U61: =IFERROR(VLOOKUP(C61,'[1]TB DIN INCLUIDOS'!$B:$H,4,0),"AGUARDANDO ANEXO") -> 0 | V61: {=_xlfn.IFS((U61>S61),(S61*2),(U61<=S61),(U61*2))} -> 0 | X61: =IFERROR(VLOOKUP(Y61,Apoio!A:B,2,0),"") -> 1 | Y61: 8 | Z61: =IFERROR(VLOOKUP(C61,'[1]TB DIN INCLUIDOS'!$B:$H,5,0),"AGUARDANDO ANEXO") -> 0 | AA61: {=_xlfn.IFS((Z61>X61),(X61*2),(Z61<=X61),(Z61*2))} -> 0 | AC61: =IFERROR(VLOOKUP(AD61,Apoio!A:B,2,0),"") -> 1 | AD61: 6 | AE61: =IFERROR(VLOOKUP(C61,'[1]TB DIN INCLUIDOS'!$B:$H,6,0),"AGUARDANDO ANEXO") -> 0 | AF61: {=_xlfn.IFS((AE61>AC61),(AC61*2),(AE61<=AC61),(AE61*2))} -> 0 | AH61: =SUM(O61,T61,Y61,AD61) -> 14 | AI61: =SUM(P61,U61,Z61,AE61) -> 0 | AJ61: =SUM(Q61,V61,AA61,AF61) -> 0 | AK61: =IF(L61-AH61-Q61-V61-AA61-AF61>0,L61-AH61-Q61-V61-AA61-AF61,0) -> 16 | AL61: =IF(L61-O61-Q61-T61-V61-Y61-AA61-AD61-AF61<0,L61-O61-Q61-T61-V61-Y61-AA61-AD61-AF61,0) -> 0 | AM61: nova | AN61: =VLOOKUP(C61,'[2]MARÇO-2024'!$B:$M,12,0) -> 10 | AO61: =AN61-AH61 -> -4 | AP61: =IF(AH61>L61,"Qt de aluno maior que a meta","")
A62: 2 | B62: 52 | C62: 2063 | D62: 33197768 | G62: CP CRECHE ANJOS DO BEM | H62: Associação Educacional Anjos do Bem | I62: ASSOCIAÇÃO EDUCACIONAL ANJOS DO BEM | J62: Rua Nossa Senhora de Lourdes,26 | K62: GRAJAÚ | L62: 40 | N62: =IFERROR(VLOOKUP(O62,Apoio!A:B,2,0),"") | O62: =IFERROR(VLOOKUP(C62,'[1]TB DIN'!$B:$D,3,0),"AGUARDANDO ANEXO") -> 0 | P62: =IFERROR(VLOOKUP(C62,'[1]TB DIN INCLUIDOS'!$B:$H,3,0),"AGUARDANDO ANEXO") -> 0 | Q62: {=_xlfn.IFS((P62>N62),(N62*2),(P62<=N62),(P62*2))} -> 0 | S62: =IFERROR(VLOOKUP(T62,Apoio!A:B,2,0),"") | T62: =IFERROR(VLOOKUP(C62,'[1]TB DIN'!$B:$H,4,0),"AGUARDANDO ANEXO") -> 0 | U62: =IFERROR(VLOOKUP(C62,'[1]TB DIN INCLUIDOS'!$B:$H,4,0),"AGUARDANDO ANEXO") -> 0 | V62: {=_xlfn.IFS((U62>S62),(S62*2),(U62<=S62),(U62*2))} -> 0 | X62: =IFERROR(VLOOKUP(Y62,Apoio!A:B,2,0),"") -> 2 | Y62: =IFERROR(VLOOKUP(C62,'[1]TB DIN'!$B:$H,5,0),"AGUARDANDO ANEXO") -> 27 | Z62: 2 | AA62: {=_xlfn.IFS((Z62>X62),(X62*2),(Z62<=X62),(Z62*2))} -> 4 | AC62: =IFERROR(VLOOKUP(AD62,Apoio!A:B,2,0),"") -> 1 | AD62: =IFERROR(VLOOKUP(C62,'[1]TB DIN'!$B:$H,6,0),"AGUARDANDO ANEXO") -> 12 | AE62: =IFERROR(VLOOKUP(C62,'[1]TB DIN INCLUIDOS'!$B:$H,6,0),"AGUARDANDO ANEXO") -> 0 | AF62: {=_xlfn.IFS((AE62>AC62),(AC62*2),(AE62<=AC62),(AE62*2))} -> 0 | AH62: =SUM(O62,T62,Y62,AD62) -> 39 | AI62: =SUM(P62,U62,Z62,AE62) -> 2 | AJ62: =SUM(Q62,V62,AA62,AF62) -> 4 | AK62: =IF(L62-AH62-Q62-V62-AA62-AF62>0,L62-AH62-Q62-V62-AA62-AF62,0) -> 0 | AL62: =IF(L62-O62-Q62-T62-V62-Y62-AA62-AD62-AF62<0,L62-O62-Q62-T62-V62-Y62-AA62-AD62-AF62,0) -> -3 | AM62: nova | AN62: =VLOOKUP(C62,'[2]MARÇO-2024'!$B:$M,12,0) -> 39 | AO62: =AN62-AH62 -> 0 | AP62: =IF(AH62>L62,"Qt de aluno maior que a meta","")
A63: 3 | B63: 1 | C63: 3001 | D63: 33161259 | E63: 06893183000106 | F63: 030514 | G63: CP ASSOCIAÇÃO PRESBITERIANA CUIDANDO DO AMANHÃ - APCA | H63: ASSOCIAÇÃO PRESBITERIANA CUIDANDO DO AMANHÃ - APCA | I63: ASSOCIAÇÃO PRESBITERIANA CUIDANDO DO AMANHÃ - APCA | J63: RUA VEREADOR IGLESIAS, 25 | K63: ENGENHO DE DENTRO | L63: 82 | N63: =IFERROR(VLOOKUP(O63,Apoio!A:B,2,0),"") | O63: =IFERROR(VLOOKUP(C63,'[1]TB DIN'!$B:$D,3,0),"AGUARDANDO ANEXO") -> 0 | P63: =IFERROR(VLOOKUP(C63,'[1]TB DIN INCLUIDOS'!$B:$H,3,0),"AGUARDANDO ANEXO") -> 0 | Q63: {=_xlfn.IFS((P63>N63),(N63*2),(P63<=N63),(P63*2))} -> 0 | S63: =IFERROR(VLOOKUP(T63,Apoio!A:B,2,0),"") -> 1 | T63: =IFERROR(VLOOKUP(C63,'[1]TB DIN'!$B:$H,4,0),"AGUARDANDO ANEXO") -> 12 | U63: =IFERROR(VLOOKUP(C63,'[1]TB DIN INCLUIDOS'!$B:$H,4,0),"AGUARDANDO ANEXO") -> 0 | V63: {=_xlfn.IFS((U63>S63),(S63*2),(U63<=S63),(U63*2))} -> 0 | X63: =IFERROR(VLOOKUP(Y63,Apoio!A:B,2,0),"") -> 1 | Y63: =IFERROR(VLOOKUP(C63,'[1]TB DIN'!$B:$H,5,0),"AGUARDANDO ANEXO") -> 22 | Z63: =IFERROR(VLOOKUP(C63,'[1]TB DIN INCLUIDOS'!$B:$H,5,0),"AGUARDANDO ANEXO") -> 0 | AA63: {=_xlfn.IFS((Z63>X63),(X63*2),(Z63<=X63),(Z63*2))} -> 0 | AC63: =IFERROR(VLOOKUP(AD63,Apoio!A:B,2,0),"") -> 2 | AD63: 46 | AE63: 0 | AF63: {=_xlfn.IFS((AE63>AC63),(AC63*2),(AE63<=AC63),(AE63*2))} -> 0 | AH63: =SUM(O63,T63,Y63,AD63) -> 80 | AI63: =SUM(P63,U63,Z63,AE63) -> 0 | AJ63: =SUM(Q63,V63,AA63,AF63) -> 0 | AK63: =IF(L63-AH63-Q63-V63-AA63-AF63>0,L63-AH63-Q63-V63-AA63-AF63,0) -> 2 | AL63: =IF(L63-O63-Q63-T63-V63-Y63-AA63-AD63-AF63<0,L63-O63-Q63-T63-V63-Y63-AA63-AD63-AF63,0) -> 0 | AM63: manutenção | AN63: =VLOOKUP(C63,'[2]MARÇO-2024'!$B:$M,12,0) -> 80 | AO63: =AN63-AH63 -> 0 | AP63: =IF(AH63>L63,"Qt de aluno maior que a meta","")
A64: 3 | B64: 2 | C64: 3002 | D64: 33107262 | E64: 33638388000100 | F64: 030129 | G64: CP ABRIGO MARIA IMACULADA | H64: ABRIGO MARIA IMACULADA | I64: INSTITUTO PROTETOR DOS POBRES E CRIANÇAS ABRIGO MARIA IMACULADA | J64: RUA ANA NÉRI, 1422 | K64: ROCHA | L64: 415 | N64: =IFERROR(VLOOKUP(O64,Apoio!A:B,2,0),"") | O64: =IFERROR(VLOOKUP(C64,'[1]TB DIN'!$B:$D,3,0),"AGUARDANDO ANEXO") -> 0 | P64: =IFERROR(VLOOKUP(C64,'[1]TB DIN INCLUIDOS'!$B:$H,3,0),"AGUARDANDO ANEXO") -> 0 | Q64: {=_xlfn.IFS((P64>N64),(N64*2),(P64<=N64),(P64*2))} -> 0 | S64: =IFERROR(VLOOKUP(T64,Apoio!A:B,2,0),"") -> 4 | T64: 99 | U64: =IFERROR(VLOOKUP(C64,'[1]TB DIN INCLUIDOS'!$B:$H,4,0),"AGUARDANDO ANEXO") -> 0 | V64: {=_xlfn.IFS((U64>S64),(S64*2),(U64<=S64),(U64*2))} -> 0 | X64: =IFERROR(VLOOKUP(Y64,Apoio!A:B,2,0),"") -> 5 | Y64: 117 | Z64: =IFERROR(VLOOKUP(C64,'[1]TB DIN INCLUIDOS'!$B:$H,5,0),"AGUARDANDO ANEXO") -> 1 | AA64: {=_xlfn.IFS((Z64>X64),(X64*2),(Z64<=X64),(Z64*2))} -> 2 | AC64: =IFERROR(VLOOKUP(AD64,Apoio!A:B,2,0),"") -> 7 | AD64: 167 | AE64: =IFERROR(VLOOKUP(C64,'[1]TB DIN INCLUIDOS'!$B:$H,6,0),"AGUARDANDO ANEXO") -> 3 | AF64: {=_xlfn.IFS((AE64>AC64),(AC64*2),(AE64<=AC64),(AE64*2))} -> 6 | AH64: =SUM(O64,T64,Y64,AD64) -> 383 | AI64: =SUM(P64,U64,Z64,AE64) -> 4 | AJ64: =SUM(Q64,V64,AA64,AF64) -> 8 | AK64: =IF(L64-AH64-Q64-V64-AA64-AF64>0,L64-AH64-Q64-V64-AA64-AF64,0) -> 24 | AL64: =IF(L64-O64-Q64-T64-V64-Y64-AA64-AD64-AF64<0,L64-O64-Q64-T64-V64-Y64-AA64-AD64-AF64,0) -> 0 | AM64: manutenção | AN64: =VLOOKUP(C64,'[2]MARÇO-2024'!$B:$M,12,0) -> 349 | AO64: =AN64-AH64 -> -34 | AP64: =IF(AH64>L64,"Qt de aluno maior que a meta","")
A65: 3 | B65: 3 | C65: 3003 | D65: 33141240 | E65: 42103333000196 | F65: 030239 | G65: CP CASA SÃO ROQUE | H65: CASA SÃO ROQUE | I65: CASA SÃO ROQUE | J65: RUA VISCONDE DE TOCANTINS, 34 | K65: ROCHA | L65: 200 | N65: =IFERROR(VLOOKUP(O65,Apoio!A:B,2,0),"") | O65: =IFERROR(VLOOKUP(C65,'[1]TB DIN'!$B:$D,3,0),"AGUARDANDO ANEXO") -> 0 | P65: =IFERROR(VLOOKUP(C65,'[1]TB DIN INCLUIDOS'!$B:$H,3,0),"AGUARDANDO ANEXO") -> 0 | Q65: {=_xlfn.IFS((P65>N65),(N65*2),(P65<=N65),(P65*2))} -> 0 | S65: =IFERROR(VLOOKUP(T65,Apoio!A:B,2,0),"") | T65: =IFERROR(VLOOKUP(C65,'[1]TB DIN'!$B:$H,4,0),"AGUARDANDO ANEXO") -> 0 | U65: =IFERROR(VLOOKUP(C65,'[1]TB DIN INCLUIDOS'!$B:$H,4,0),"AGUARDANDO ANEXO") -> 0 | V65: {=_xlfn.IFS((U65>S65),(S65*2),(U65<=S65),(U65*2))} -> 0 | X65: =IFERROR(VLOOKUP(Y65,Apoio!A:B,2,0),"") -> 4 | Y65: 91 | Z65: =IFERROR(VLOOKUP(C65,'[1]TB DIN INCLUIDOS'!$B:$H,5,0),"AGUARDANDO ANEXO") -> 2 | AA65: {=_xlfn.IFS((Z65>X65),(X65*2),(Z65<=X65),(Z65*2))} -> 4 | AC65: =IFERROR(VLOOKUP(AD65,Apoio!A:B,2,0),"") -> 5 | AD65: 107 | AE65: =IFERROR(VLOOKUP(C65,'[1]TB DIN INCLUIDOS'!$B:$H,6,0),"AGUARDANDO ANEXO") -> 2 | AF65: {=_xlfn.IFS((AE65>AC65),(AC65*2),(AE65<=AC65),(AE65*2))} -> 4 | AH65: =SUM(O65,T65,Y65,AD65) -> 198 | AI65: =SUM(P65,U65,Z65,AE65) -> 4 | AJ65: =SUM(Q65,V65,AA65,AF65) -> 8 | AK65: =IF(L65-AH65-Q65-V65-AA65-AF65>0,L65-AH65-Q65-V65-AA65-AF65,0) -> 0 | AL65: =IF(L65-O65-Q65-T65-V65-Y65-AA65-AD65-AF65<0,L65-O65-Q65-T65-V65-Y65-AA65-AD65-AF65,0) -> -6 | AM65: manutenção | AN65: =VLOOKUP(C65,'[2]MARÇO-2024'!$B:$M,12,0) -> 198 | AO65: =AN65-AH65 -> 0 | AP65: =IF(AH65>L65,"Qt de aluno maior que a meta","")
A66: 3 | B66: 4 | C66: 3004 | D66: 33110689 | E66: 33593575012805 | F66: 030243 | G66: CP CENTRO COMUNITÁRIO NOSSA SENHORA APARECIDA - CRECHE | H66: CENTRO COMUNITÁRIO NOSSA SENHORA APARECIDA - CRECHE | I66: MITRA ARQUIEPISCOPAL DO RIO DE JANEIRO | J66: RUA ARISTIDES CAIRE, 349 | K66: CACHAMBI | L66: 48 | N66: =IFERROR(VLOOKUP(O66,Apoio!A:B,2,0),"") | O66: =IFERROR(VLOOKUP(C66,'[1]TB DIN'!$B:$D,3,0),"AGUARDANDO ANEXO") -> 0 | P66: =IFERROR(VLOOKUP(C66,'[1]TB DIN INCLUIDOS'!$B:$H,3,0),"AGUARDANDO ANEXO") -> 0 | Q66: {=_xlfn.IFS((P66>N66),(N66*2),(P66<=N66),(P66*2))} -> 0 | S66: =IFERROR(VLOOKUP(T66,Apoio!A:B,2,0),"") | T66: =IFERROR(VLOOKUP(C66,'[1]TB DIN'!$B:$H,4,0),"AGUARDANDO ANEXO") -> 0 | U66: =IFERROR(VLOOKUP(C66,'[1]TB DIN INCLUIDOS'!$B:$H,4,0),"AGUARDANDO ANEXO") -> 0 | V66: {=_xlfn.IFS((U66>S66),(S66*2),(U66<=S66),(U66*2))} -> 0 | X66: =IFERROR(VLOOKUP(Y66,Apoio!A:B,2,0),"") -> 1 | Y66: =IFERROR(VLOOKUP(C66,'[1]TB DIN'!$B:$H,5,0),"AGUARDANDO ANEXO") -> 21 | Z66: =IFERROR(VLOOKUP(C66,'[1]TB DIN INCLUIDOS'!$B:$H,5,0),"AGUARDANDO ANEXO") -> 0 | AA66: {=_xlfn.IFS((Z66>X66),(X66*2),(Z66<=X66),(Z66*2))} -> 0 | AC66: =IFERROR(VLOOKUP(AD66,Apoio!A:B,2,0),"") -> 2 | AD66: =IFERROR(VLOOKUP(C66,'[1]TB DIN'!$B:$H,6,0),"AGUARDANDO ANEXO") -> 27 | AE66: =IFERROR(VLOOKUP(C66,'[1]TB DIN INCLUIDOS'!$B:$H,6,0),"AGUARDANDO ANEXO") -> 0 | AF66: {=_xlfn.IFS((AE66>AC66),(AC66*2),(AE66<=AC66),(AE66*2))} -> 0 | AH66: =SUM(O66,T66,Y66,AD66) -> 48 | AI66: =SUM(P66,U66,Z66,AE66) -> 0 | AJ66: =SUM(Q66,V66,AA66,AF66) -> 0 | AK66: =IF(L66-AH66-Q66-V66-AA66-AF66>0,L66-AH66-Q66-V66-AA66-AF66,0) -> 0 | AL66: =IF(L66-O66-Q66-T66-V66-Y66-AA66-AD66-AF66<0,L66-O66-Q66-T66-V66-Y66-AA66-AD66-AF66,0) -> 0 | AM66: manutenção c/ redução da meta | AN66: =VLOOKUP(C66,'[2]MARÇO-2024'!$B:$M,12,0) -> 48 | AO66: =AN66-AH66 -> 0 | AP66: =IF(AH66>L66,"Qt de aluno maior que a meta","")
A67: 3 | B67: 5 | C67: 3005 | D67: 33111634 | E67: 34088559000137 | F67: 030072 | G67: CP COLÉGIO RUTH SANT ANNA / JARDIM DE INFÂNCIA CIRANDA CIRANDINHA | H67: COLÉGIO RUTH SANT’ANNA/JARDIM DE INFÂNCIA CIRANDA CIRANDINHA | I67: CASA DE LÁZARO EDUCANDÁRIO SOCIAL DE ASSISTÊNCIA E AMPARO À CRIANÇA | J67: RUA TORRES SOBRINHO, 57 | K67: MÉIER | L67: 150 | N67: =IFERROR(VLOOKUP(O67,Apoio!A:B,2,0),"") | O67: =IFERROR(VLOOKUP(C67,'[1]TB DIN'!$B:$D,3,0),"AGUARDANDO ANEXO") -> 0 | P67: =IFERROR(VLOOKUP(C67,'[1]TB DIN INCLUIDOS'!$B:$H,3,0),"AGUARDANDO ANEXO") -> 0 | Q67: {=_xlfn.IFS((P67>N67),(N67*2),(P67<=N67),(P67*2))} -> 0 | S67: =IFERROR(VLOOKUP(T67,Apoio!A:B,2,0),"") | T67: =IFERROR(VLOOKUP(C67,'[1]TB DIN'!$B:$H,4,0),"AGUARDANDO ANEXO") -> 0 | U67: =IFERROR(VLOOKUP(C67,'[1]TB DIN INCLUIDOS'!$B:$H,4,0),"AGUARDANDO ANEXO") -> 0 | V67: {=_xlfn.IFS((U67>S67),(S67*2),(U67<=S67),(U67*2))} -> 0 | X67: =IFERROR(VLOOKUP(Y67,Apoio!A:B,2,0),"") -> 3 | Y67: 57 | Z67: =IFERROR(VLOOKUP(C67,'[1]TB DIN INCLUIDOS'!$B:$H,5,0),"AGUARDANDO ANEXO") -> 0 | AA67: {=_xlfn.IFS((Z67>X67),(X67*2),(Z67<=X67),(Z67*2))} -> 0 | AC67: =IFERROR(VLOOKUP(AD67,Apoio!A:B,2,0),"") -> 3 | AD67: =IFERROR(VLOOKUP(C67,'[1]TB DIN'!$B:$H,6,0),"AGUARDANDO ANEXO") -> 67 | AE67: =IFERROR(VLOOKUP(C67,'[1]TB DIN INCLUIDOS'!$B:$H,6,0),"AGUARDANDO ANEXO") -> 6 | AF67: {=_xlfn.IFS((AE67>AC67),(AC67*2),(AE67<=AC67),(AE67*2))} -> 6 | AH67: =SUM(O67,T67,Y67,AD67) -> 124 | AI67: =SUM(P67,U67,Z67,AE67) -> 6 | AJ67: =SUM(Q67,V67,AA67,AF67) -> 6 | AK67: =IF(L67-AH67-Q67-V67-AA67-AF67>0,L67-AH67-Q67-V67-AA67-AF67,0) -> 20 | AL67: =IF(L67-O67-Q67-T67-V67-Y67-AA67-AD67-AF67<0,L67-O67-Q67-T67-V67-Y67-AA67-AD67-AF67,0) -> 0 | AM67: manutenção | AN67: =VLOOKUP(C67,'[2]MARÇO-2024'!$B:$M,12,0) -> 124 | AO67: =AN67-AH67 -> 0 | AP67: =IF(AH67>L67,"Qt de aluno maior que a meta","")
A68: 3 | B68: 6 | C68: 3006 | D68: 33183201 | E68: 03817270000188 | F68: 030234 | G68: CP CRECHE CASA VIVA | H68: CRECHE CASA VIVA | I68: SOCIEDADE ESPÍRITA CABOCLO SETE FLECHAS | J68: AV. AMARO CAVALCANTI, 2171 | K68: ENGENHO DE DENTRO | L68: 85 | N68: =IFERROR(VLOOKUP(O68,Apoio!A:B,2,0),"") | O68: =IFERROR(VLOOKUP(C68,'[1]TB DIN'!$B:$D,3,0),"AGUARDANDO ANEXO") -> 0 | P68: =IFERROR(VLOOKUP(C68,'[1]TB DIN INCLUIDOS'!$B:$H,3,0),"AGUARDANDO ANEXO") -> 0 | Q68: {=_xlfn.IFS((P68>N68),(N68*2),(P68<=N68),(P68*2))} -> 0 | S68: =IFERROR(VLOOKUP(T68,Apoio!A:B,2,0),"") -> 1 | T68: 14 | U68: =IFERROR(VLOOKUP(C68,'[1]TB DIN INCLUIDOS'!$B:$H,4,0),"AGUARDANDO ANEXO") -> 0 | V68: {=_xlfn.IFS((U68>S68),(S68*2),(U68<=S68),(U68*2))} -> 0 | X68: =IFERROR(VLOOKUP(Y68,Apoio!A:B,2,0),"") -> 2 | Y68: =IFERROR(VLOOKUP(C68,'[1]TB DIN'!$B:$H,5,0),"AGUARDANDO ANEXO") -> 30 | Z68: =IFERROR(VLOOKUP(C68,'[1]TB DIN INCLUIDOS'!$B:$H,5,0),"AGUARDANDO ANEXO") -> 0 | AA68: {=_xlfn.IFS((Z68>X68),(X68*2),(Z68<=X68),(Z68*2))} -> 0 | AC68: =IFERROR(VLOOKUP(AD68,Apoio!A:B,2,0),"") -> 2 | AD68: =IFERROR(VLOOKUP(C68,'[1]TB DIN'!$B:$H,6,0),"AGUARDANDO ANEXO") -> 40 | AE68: =IFERROR(VLOOKUP(C68,'[1]TB DIN INCLUIDOS'!$B:$H,6,0),"AGUARDANDO ANEXO") -> 1 | AF68: {=_xlfn.IFS((AE68>AC68),(AC68*2),(AE68<=AC68),(AE68*2))} -> 2 | AH68: =SUM(O68,T68,Y68,AD68) -> 84 | AI68: =SUM(P68,U68,Z68,AE68) -> 1 | AJ68: =SUM(Q68,V68,AA68,AF68) -> 2 | AK68: =IF(L68-AH68-Q68-V68-AA68-AF68>0,L68-AH68-Q68-V68-AA68-AF68,0) -> 0 | AL68: =IF(L68-O68-Q68-T68-V68-Y68-AA68-AD68-AF68<0,L68-O68-Q68-T68-V68-Y68-AA68-AD68-AF68,0) -> -1 | AM68: manutenção | AN68: =VLOOKUP(C68,'[2]MARÇO-2024'!$B:$M,12,0) -> 85 | AO68: =AN68-AH68 -> 1 | AP68: =IF(AH68>L68,"Qt de aluno maior que a meta","")
A69: 3 | B69: 7 | C69: 3007 | D69: 33109184 | E69: 29187747000182 | F69: 030250 | G69: CP CRECHE CHAMEGUINHO | H69: CRECHE CHAMEGUINHO | I69: AÇÃO COMUNITÁRIA SAL DA TERRA | J69: RUA SÃO FRANCISCO DE ASSIS, 15 | K69: LINS DE VASCONCELOS | L69: 65 | N69: =IFERROR(VLOOKUP(O69,Apoio!A:B,2,0),"") | O69: =IFERROR(VLOOKUP(C69,'[1]TB DIN'!$B:$D,3,0),"AGUARDANDO ANEXO") -> 0 | P69: =IFERROR(VLOOKUP(C69,'[1]TB DIN INCLUIDOS'!$B:$H,3,0),"AGUARDANDO ANEXO") -> 0 | Q69: {=_xlfn.IFS((P69>N69),(N69*2),(P69<=N69),(P69*2))} -> 0 | S69: =IFERROR(VLOOKUP(T69,Apoio!A:B,2,0),"") -> 1 | T69: =IFERROR(VLOOKUP(C69,'[1]TB DIN'!$B:$H,4,0),"AGUARDANDO ANEXO") -> 20 | U69: =IFERROR(VLOOKUP(C69,'[1]TB DIN INCLUIDOS'!$B:$H,4,0),"AGUARDANDO ANEXO") -> 0 | V69: {=_xlfn.IFS((U69>S69),(S69*2),(U69<=S69),(U69*2))} -> 0 | X69: =IFERROR(VLOOKUP(Y69,Apoio!A:B,2,0),"") -> 2 | Y69: =IFERROR(VLOOKUP(C69,'[1]TB DIN'!$B:$H,5,0),"AGUARDANDO ANEXO") -> 27 | Z69: =IFERROR(VLOOKUP(C69,'[1]TB DIN INCLUIDOS'!$B:$H,5,0),"AGUARDANDO ANEXO") -> 0 | AA69: {=_xlfn.IFS((Z69>X69),(X69*2),(Z69<=X69),(Z69*2))} -> 0 | AC69: =IFERROR(VLOOKUP(AD69,Apoio!A:B,2,0),"") -> 1 | AD69: =IFERROR(VLOOKUP(C69,'[1]TB DIN'!$B:$H,6,0),"AGUARDANDO ANEXO") -> 17 | AE69: =IFERROR(VLOOKUP(C69,'[1]TB DIN INCLUIDOS'!$B:$H,6,0),"AGUARDANDO ANEXO") -> 0 | AF69: {=_xlfn.IFS((AE69>AC69),(AC69*2),(AE69<=AC69),(AE69*2))} -> 0 | AH69: =SUM(O69,T69,Y69,AD69) -> 64 | AI69: =SUM(P69,U69,Z69,AE69) -> 0 | AJ69: =SUM(Q69,V69,AA69,AF69) -> 0 | AK69: =IF(L69-AH69-Q69-V69-AA69-AF69>0,L69-AH69-Q69-V69-AA69-AF69,0) -> 1 | AL69: =IF(L69-O69-Q69-T69-V69-Y69-AA69-AD69-AF69<0,L69-O69-Q69-T69-V69-Y69-AA69-AD69-AF69,0) -> 0 | AM69: manutenção | AN69: =VLOOKUP(C69,'[2]MARÇO-2024'!$B:$M,12,0) -> 63 | AO69: =AN69-AH69 -> -1 | AP69: =IF(AH69>L69,"Qt de aluno maior que a meta","")
A70: 3 | B70: 8 | C70: 3008 | D70: 33068712 | E70: 30716187000195 | F70: 030197 | G70: CP CRECHE COMUNITÁRIA ELIANA SATURNINO BRAGA | H70: CRECHE COMUNITÁRIA ELIANA SATURNINO BRAGA | I70: ASSOCIAÇÃO DE MORADORES DO MORRO DA BAIANA | J70: RUA VISTA ALEGRE, 17 | K70: RAMOS | L70: 104 | N70: =IFERROR(VLOOKUP(O70,Apoio!A:B,2,0),"") | O70: =IFERROR(VLOOKUP(C70,'[1]TB DIN'!$B:$D,3,0),"AGUARDANDO ANEXO") -> 0 | P70: =IFERROR(VLOOKUP(C70,'[1]TB DIN INCLUIDOS'!$B:$H,3,0),"AGUARDANDO ANEXO") -> 0 | Q70: {=_xlfn.IFS((P70>N70),(N70*2),(P70<=N70),(P70*2))} -> 0 | S70: =IFERROR(VLOOKUP(T70,Apoio!A:B,2,0),"") -> 1 | T70: 24 | U70: =IFERROR(VLOOKUP(C70,'[1]TB DIN INCLUIDOS'!$B:$H,4,0),"AGUARDANDO ANEXO") -> 0 | V70: {=_xlfn.IFS((U70>S70),(S70*2),(U70<=S70),(U70*2))} -> 0 | X70: =IFERROR(VLOOKUP(Y70,Apoio!A:B,2,0),"") -> 2 | Y70: 29 | Z70: 1 | AA70: {=_xlfn.IFS((Z70>X70),(X70*2),(Z70<=X70),(Z70*2))} -> 2 | AC70: =IFERROR(VLOOKUP(AD70,Apoio!A:B,2,0),"") -> 2 | AD70: =IFERROR(VLOOKUP(C70,'[1]TB DIN'!$B:$H,6,0),"AGUARDANDO ANEXO") -> 37 | AE70: 1 | AF70: {=_xlfn.IFS((AE70>AC70),(AC70*2),(AE70<=AC70),(AE70*2))} -> 2 | AH70: =SUM(O70,T70,Y70,AD70) -> 90 | AI70: =SUM(P70,U70,Z70,AE70) -> 2 | AJ70: =SUM(Q70,V70,AA70,AF70) -> 4 | AK70: =IF(L70-AH70-Q70-V70-AA70-AF70>0,L70-AH70-Q70-V70-AA70-AF70,0) -> 10 | AL70: =IF(L70-O70-Q70-T70-V70-Y70-AA70-AD70-AF70<0,L70-O70-Q70-T70-V70-Y70-AA70-AD70-AF70,0) -> 0 | AM70: manutenção | AN70: =VLOOKUP(C70,'[2]MARÇO-2024'!$B:$M,12,0) -> 88 | AO70: =AN70-AH70 -> -2 | AP70: =IF(AH70>L70,"Qt de aluno maior que a meta","")
A71: 3 | B71: 9 | C71: 3009 | D71: 33109036 | E71: 30717177000174 | F71: 030259 | G71: CP CRECHE COMUNITÁRIA JOÃO FERREIRA | H71: CRECHE COMUNITÁRIA JOÃO FERREIRA | I71: ASSOCIAÇÃO DOS MORADORES DO MORRO DO ALEMÃO | J71: AVENIDA CENTRAL, 70 | K71: RAMOS | L71: 80 | N71: =IFERROR(VLOOKUP(O71,Apoio!A:B,2,0),"") | O71: =IFERROR(VLOOKUP(C71,'[1]TB DIN'!$B:$D,3,0),"AGUARDANDO ANEXO") -> 0 | P71: =IFERROR(VLOOKUP(C71,'[1]TB DIN INCLUIDOS'!$B:$H,3,0),"AGUARDANDO ANEXO") -> 0 | Q71: {=_xlfn.IFS((P71>N71),(N71*2),(P71<=N71),(P71*2))} -> 0 | S71: =IFERROR(VLOOKUP(T71,Apoio!A:B,2,0),"") | T71: =IFERROR(VLOOKUP(C71,'[1]TB DIN'!$B:$H,4,0),"AGUARDANDO ANEXO") -> 0 | U71: =IFERROR(VLOOKUP(C71,'[1]TB DIN INCLUIDOS'!$B:$H,4,0),"AGUARDANDO ANEXO") -> 0 | V71: {=_xlfn.IFS((U71>S71),(S71*2),(U71<=S71),(U71*2))} -> 0 | X71: =IFERROR(VLOOKUP(Y71,Apoio!A:B,2,0),"") -> 1 | Y71: 25 | Z71: =IFERROR(VLOOKUP(C71,'[1]TB DIN INCLUIDOS'!$B:$H,5,0),"AGUARDANDO ANEXO") -> 0 | AA71: {=_xlfn.IFS((Z71>X71),(X71*2),(Z71<=X71),(Z71*2))} -> 0 | AC71: =IFERROR(VLOOKUP(AD71,Apoio!A:B,2,0),"") -> 3 | AD71: 51 | AE71: =IFERROR(VLOOKUP(C71,'[1]TB DIN INCLUIDOS'!$B:$H,6,0),"AGUARDANDO ANEXO") -> 1 | AF71: {=_xlfn.IFS((AE71>AC71),(AC71*2),(AE71<=AC71),(AE71*2))} -> 2 | AH71: =SUM(O71,T71,Y71,AD71) -> 76 | AI71: =SUM(P71,U71,Z71,AE71) -> 1 | AJ71: =SUM(Q71,V71,AA71,AF71) -> 2 | AK71: =IF(L71-AH71-Q71-V71-AA71-AF71>0,L71-AH71-Q71-V71-AA71-AF71,0) -> 2 | AL71: =IF(L71-O71-Q71-T71-V71-Y71-AA71-AD71-AF71<0,L71-O71-Q71-T71-V71-Y71-AA71-AD71-AF71,0) -> 0 | AM71: manutenção | AN71: =VLOOKUP(C71,'[2]MARÇO-2024'!$B:$M,12,0) -> 72 | AO71: =AN71-AH71 -> -4 | AP71: =IF(AH71>L71,"Qt de aluno maior que a meta","")
A72: 3 | B72: 10 | C72: 3010 | D72: 33556210 | E72: 06926654000127 | F72: 030508 | G72: CP CRECHE ESCOLA COMUNITÁRIA MÃE SOCIAL | H72: CRECHE ESCOLA COMUNITÁRIA MÃE SOCIAL | I72: CRECHE ESCOLA COMUNITÁRIA MÃE SOCIAL | J72: RUA CANITAR, 749 | K72: INHAÚMA | L72: 76 | N72: =IFERROR(VLOOKUP(O72,Apoio!A:B,2,0),"") | O72: =IFERROR(VLOOKUP(C72,'[1]TB DIN'!$B:$D,3,0),"AGUARDANDO ANEXO") -> 0 | P72: =IFERROR(VLOOKUP(C72,'[1]TB DIN INCLUIDOS'!$B:$H,3,0),"AGUARDANDO ANEXO") -> 0 | Q72: {=_xlfn.IFS((P72>N72),(N72*2),(P72<=N72),(P72*2))} -> 0 | S72: =IFERROR(VLOOKUP(T72,Apoio!A:B,2,0),"") | T72: =IFERROR(VLOOKUP(C72,'[1]TB DIN'!$B:$H,4,0),"AGUARDANDO ANEXO") -> 0 | U72: =IFERROR(VLOOKUP(C72,'[1]TB DIN INCLUIDOS'!$B:$H,4,0),"AGUARDANDO ANEXO") -> 0 | V72: {=_xlfn.IFS((U72>S72),(S72*2),(U72<=S72),(U72*2))} -> 0 | X72: =IFERROR(VLOOKUP(Y72,Apoio!A:B,2,0),"") -> 2 | Y72: =IFERROR(VLOOKUP(C72,'[1]TB DIN'!$B:$H,5,0),"AGUARDANDO ANEXO") -> 27 | Z72: =IFERROR(VLOOKUP(C72,'[1]TB DIN INCLUIDOS'!$B:$H,5,0),"AGUARDANDO ANEXO") -> 0 | AA72: {=_xlfn.IFS((Z72>X72),(X72*2),(Z72<=X72),(Z72*2))} -> 0 | AC72: =IFERROR(VLOOKUP(AD72,Apoio!A:B,2,0),"") -> 2 | AD72: =IFERROR(VLOOKUP(C72,'[1]TB DIN'!$B:$H,6,0),"AGUARDANDO ANEXO") -> 49 | AE72: =IFERROR(VLOOKUP(C72,'[1]TB DIN INCLUIDOS'!$B:$H,6,0),"AGUARDANDO ANEXO") -> 0 | AF72: {=_xlfn.IFS((AE72>AC72),(AC72*2),(AE72<=AC72),(AE72*2))} -> 0 | AH72: =SUM(O72,T72,Y72,AD72) -> 76 | AI72: =SUM(P72,U72,Z72,AE72) -> 0 | AJ72: =SUM(Q72,V72,AA72,AF72) -> 0 | AK72: =IF(L72-AH72-Q72-V72-AA72-AF72>0,L72-AH72-Q72-V72-AA72-AF72,0) -> 0 | AL72: =IF(L72-O72-Q72-T72-V72-Y72-AA72-AD72-AF72<0,L72-O72-Q72-T72-V72-Y72-AA72-AD72-AF72,0) -> 0 | AM72: manutenção | AN72: =VLOOKUP(C72,'[2]MARÇO-2024'!$B:$M,12,0) -> 76 | AO72: =AN72-AH72 -> 0 | AP72: =IF(AH72>L72,"Qt de aluno maior que a meta","")
A73: 3 | B73: 11 | C73: 3011 | D73: 33144613 | E73: 02529871000122 | F73: 030471 | G73: CP CRECHE DO CENTRO PASTORAL SOCIAL PADRE JUSTINO RUSSOLILLO | H73: CRECHE DO CENTRO PASTORAL SOCIAL PADRE JUSTINO RUSSOLILLO | I73: MITRA ARQUIEPISCOPAL DO RIO DE JANEIRO | J73: RUA VALMIR, S/Nº | K73: RAMOS | L73: 74 | N73: =IFERROR(VLOOKUP(O73,Apoio!A:B,2,0),"") | O73: =IFERROR(VLOOKUP(C73,'[1]TB DIN'!$B:$D,3,0),"AGUARDANDO ANEXO") -> 0 | P73: =IFERROR(VLOOKUP(C73,'[1]TB DIN INCLUIDOS'!$B:$H,3,0),"AGUARDANDO ANEXO") -> 0 | Q73: {=_xlfn.IFS((P73>N73),(N73*2),(P73<=N73),(P73*2))} -> 0 | S73: =IFERROR(VLOOKUP(T73,Apoio!A:B,2,0),"") | T73: =IFERROR(VLOOKUP(C73,'[1]TB DIN'!$B:$H,4,0),"AGUARDANDO ANEXO") -> 0 | U73: =IFERROR(VLOOKUP(C73,'[1]TB DIN INCLUIDOS'!$B:$H,4,0),"AGUARDANDO ANEXO") -> 0 | V73: {=_xlfn.IFS((U73>S73),(S73*2),(U73<=S73),(U73*2))} -> 0 | X73: =IFERROR(VLOOKUP(Y73,Apoio!A:B,2,0),"") -> 1 | Y73: =IFERROR(VLOOKUP(C73,'[1]TB DIN'!$B:$H,5,0),"AGUARDANDO ANEXO") -> 21 | Z73: =IFERROR(VLOOKUP(C73,'[1]TB DIN INCLUIDOS'!$B:$H,5,0),"AGUARDANDO ANEXO") -> 0 | AA73: {=_xlfn.IFS((Z73>X73),(X73*2),(Z73<=X73),(Z73*2))} -> 0 | AC73: =IFERROR(VLOOKUP(AD73,Apoio!A:B,2,0),"") -> 2 | AD73: 29 | AE73: =IFERROR(VLOOKUP(C73,'[1]TB DIN INCLUIDOS'!$B:$H,6,0),"AGUARDANDO ANEXO") -> 0 | AF73: {=_xlfn.IFS((AE73>AC73),(AC73*2),(AE73<=AC73),(AE73*2))} -> 0 | AH73: =SUM(O73,T73,Y73,AD73) -> 50 | AI73: =SUM(P73,U73,Z73,AE73) -> 0 | AJ73: =SUM(Q73,V73,AA73,AF73) -> 0 | AK73: =IF(L73-AH73-Q73-V73-AA73-AF73>0,L73-AH73-Q73-V73-AA73-AF73,0) -> 24 | AL73: =IF(L73-O73-Q73-T73-V73-Y73-AA73-AD73-AF73<0,L73-O73-Q73-T73-V73-Y73-AA73-AD73-AF73,0) -> 0 | AM73: manutenção c/ aumento de meta | AN73: =VLOOKUP(C73,'[2]MARÇO-2024'!$B:$M,12,0) -> 55 | AO73: =AN73-AH73 -> 5 | AP73: =IF(AH73>L73,"Qt de aluno maior que a meta","")
A74: 3 | B74: 12 | C74: 3012 | D74: 33129240 | E74: 33593575012201 | F74: 030249 | G74: CP CRECHE MÃE DO DIVINO SALVADOR | H74: CRECHE MÃE DO DIVINO SALVADOR | I74: MITRA ARQUIEPISCOPAL DO RIO DE JANEIRO | J74: RUA DIVINO SALVADOR, 223 | K74: PIEDADE | L74: 255 | N74: =IFERROR(VLOOKUP(O74,Apoio!A:B,2,0),"") | O74: =IFERROR(VLOOKUP(C74,'[1]TB DIN'!$B:$D,3,0),"AGUARDANDO ANEXO") -> 0 | P74: =IFERROR(VLOOKUP(C74,'[1]TB DIN INCLUIDOS'!$B:$H,3,0),"AGUARDANDO ANEXO") -> 0 | Q74: {=_xlfn.IFS((P74>N74),(N74*2),(P74<=N74),(P74*2))} -> 0 | S74: =IFERROR(VLOOKUP(T74,Apoio!A:B,2,0),"") | T74: =IFERROR(VLOOKUP(C74,'[1]TB DIN'!$B:$H,4,0),"AGUARDANDO ANEXO") -> 0 | U74: =IFERROR(VLOOKUP(C74,'[1]TB DIN INCLUIDOS'!$B:$H,4,0),"AGUARDANDO ANEXO") -> 0 | V74: {=_xlfn.IFS((U74>S74),(S74*2),(U74<=S74),(U74*2))} -> 0 | X74: =IFERROR(VLOOKUP(Y74,Apoio!A:B,2,0),"") -> 6 | Y74: =IFERROR(VLOOKUP(C74,'[1]TB DIN'!$B:$H,5,0),"AGUARDANDO ANEXO") -> 135 | Z74: =IFERROR(VLOOKUP(C74,'[1]TB DIN INCLUIDOS'!$B:$H,5,0),"AGUARDANDO ANEXO") -> 0 | AA74: {=_xlfn.IFS((Z74>X74),(X74*2),(Z74<=X74),(Z74*2))} -> 0 | AC74: =IFERROR(VLOOKUP(AD74,Apoio!A:B,2,0),"") -> 5 | AD74: =IFERROR(VLOOKUP(C74,'[1]TB DIN'!$B:$H,6,0),"AGUARDANDO ANEXO") -> 120 | AE74: =IFERROR(VLOOKUP(C74,'[1]TB DIN INCLUIDOS'!$B:$H,6,0),"AGUARDANDO ANEXO") -> 0 | AF74: {=_xlfn.IFS((AE74>AC74),(AC74*2),(AE74<=AC74),(AE74*2))} -> 0 | AH74: =SUM(O74,T74,Y74,AD74) -> 255 | AI74: =SUM(P74,U74,Z74,AE74) -> 0 | AJ74: =SUM(Q74,V74,AA74,AF74) -> 0 | AK74: =IF(L74-AH74-Q74-V74-AA74-AF74>0,L74-AH74-Q74-V74-AA74-AF74,0) -> 0 | AL74: =IF(L74-O74-Q74-T74-V74-Y74-AA74-AD74-AF74<0,L74-O74-Q74-T74-V74-Y74-AA74-AD74-AF74,0) -> 0 | AM74: manutenção | AN74: =VLOOKUP(C74,'[2]MARÇO-2024'!$B:$M,12,0) -> 255 | AO74: =AN74-AH74 -> 0 | AP74: =IF(AH74>L74,"Qt de aluno maior que a meta","")
A75: 3 | B75: 13 | C75: 3013 | D75: 33172021 | E75: 02717198000154 | F75: 030265 | G75: CP CRECHE DO JACAREZINHO | H75: CRECHE DO JACAREZINHO | I75: NÚCLEO DE AÇÃO COMUNITÁRIA E DESENVOLVIMENTO SOCIAL - NACODES | J75: RUA MIGUEL ANGELO, 541 | K75: CACHAMBI | L75: 231 | N75: =IFERROR(VLOOKUP(O75,Apoio!A:B,2,0),"") | O75: =IFERROR(VLOOKUP(C75,'[1]TB DIN'!$B:$D,3,0),"AGUARDANDO ANEXO") -> 0 | P75: =IFERROR(VLOOKUP(C75,'[1]TB DIN INCLUIDOS'!$B:$H,3,0),"AGUARDANDO ANEXO") -> 0 | Q75: {=_xlfn.IFS((P75>N75),(N75*2),(P75<=N75),(P75*2))} -> 0 | S75: =IFERROR(VLOOKUP(T75,Apoio!A:B,2,0),"") -> 3 | T75: =IFERROR(VLOOKUP(C75,'[1]TB DIN'!$B:$H,4,0),"AGUARDANDO ANEXO") -> 55 | U75: =IFERROR(VLOOKUP(C75,'[1]TB DIN INCLUIDOS'!$B:$H,4,0),"AGUARDANDO ANEXO") -> 0 | V75: {=_xlfn.IFS((U75>S75),(S75*2),(U75<=S75),(U75*2))} -> 0 | X75: =IFERROR(VLOOKUP(Y75,Apoio!A:B,2,0),"") -> 4 | Y75: =IFERROR(VLOOKUP(C75,'[1]TB DIN'!$B:$H,5,0),"AGUARDANDO ANEXO") -> 95 | Z75: =IFERROR(VLOOKUP(C75,'[1]TB DIN INCLUIDOS'!$B:$H,5,0),"AGUARDANDO ANEXO") -> 0 | AA75: {=_xlfn.IFS((Z75>X75),(X75*2),(Z75<=X75),(Z75*2))} -> 0 | AC75: =IFERROR(VLOOKUP(AD75,Apoio!A:B,2,0),"") -> 4 | AD75: =IFERROR(VLOOKUP(C75,'[1]TB DIN'!$B:$H,6,0),"AGUARDANDO ANEXO") -> 80 | AE75: =IFERROR(VLOOKUP(C75,'[1]TB DIN INCLUIDOS'!$B:$H,6,0),"AGUARDANDO ANEXO") -> 1 | AF75: {=_xlfn.IFS((AE75>AC75),(AC75*2),(AE75<=AC75),(AE75*2))} -> 2 | AH75: =SUM(O75,T75,Y75,AD75) -> 230 | AI75: =SUM(P75,U75,Z75,AE75) -> 1 | AJ75: =SUM(Q75,V75,AA75,AF75) -> 2 | AK75: =IF(L75-AH75-Q75-V75-AA75-AF75>0,L75-AH75-Q75-V75-AA75-AF75,0) -> 0 | AL75: =IF(L75-O75-Q75-T75-V75-Y75-AA75-AD75-AF75<0,L75-O75-Q75-T75-V75-Y75-AA75-AD75-AF75,0) -> -1 | AM75: manutenção | AN75: =VLOOKUP(C75,'[2]MARÇO-2024'!$B:$M,12,0) -> 229 | AO75: =AN75-AH75 -> -1 | AP75: =IF(AH75>L75,"Qt de aluno maior que a meta","")
A76: 3 | B76: 14 | C76: 3014 | D76: 33114528 | E76: 33709171000143 | F76: 030254 | G76: CP CRECHE PLANTANDO O AMANHÃ | H76: CRECHE PLANTANDO O AMANHÃ | I76: CRUZADA DO MENOR | J76: AV. PASTOR MARTIN LUTHER KING JR., 126 | K76: DEL CASTILHO | L76: 180 | N76: =IFERROR(VLOOKUP(O76,Apoio!A:B,2,0),"") -> 1 | O76: 1 | P76: =IFERROR(VLOOKUP(C76,'[1]TB DIN INCLUIDOS'!$B:$H,3,0),"AGUARDANDO ANEXO") -> 0 | Q76: {=_xlfn.IFS((P76>N76),(N76*2),(P76<=N76),(P76*2))} -> 0 | S76: =IFERROR(VLOOKUP(T76,Apoio!A:B,2,0),"") -> 2 | T76: 34 | U76: =IFERROR(VLOOKUP(C76,'[1]TB DIN INCLUIDOS'!$B:$H,4,0),"AGUARDANDO ANEXO") -> 1 | V76: {=_xlfn.IFS((U76>S76),(S76*2),(U76<=S76),(U76*2))} -> 2 | X76: =IFERROR(VLOOKUP(Y76,Apoio!A:B,2,0),"") -> 3 | Y76: 70 | Z76: =IFERROR(VLOOKUP(C76,'[1]TB DIN INCLUIDOS'!$B:$H,5,0),"AGUARDANDO ANEXO") -> 3 | AA76: {=_xlfn.IFS((Z76>X76),(X76*2),(Z76<=X76),(Z76*2))} -> 6 | AC76: =IFERROR(VLOOKUP(AD76,Apoio!A:B,2,0),"") -> 3 | AD76: 63 | AE76: =IFERROR(VLOOKUP(C76,'[1]TB DIN INCLUIDOS'!$B:$H,6,0),"AGUARDANDO ANEXO") -> 8 | AF76: {=_xlfn.IFS((AE76>AC76),(AC76*2),(AE76<=AC76),(AE76*2))} -> 6 | AH76: =SUM(O76,T76,Y76,AD76) -> 168 | AI76: =SUM(P76,U76,Z76,AE76) -> 12 | AJ76: =SUM(Q76,V76,AA76,AF76) -> 14 | AK76: =IF(L76-AH76-Q76-V76-AA76-AF76>0,L76-AH76-Q76-V76-AA76-AF76,0) -> 0 | AL76: =IF(L76-O76-Q76-T76-V76-Y76-AA76-AD76-AF76<0,L76-O76-Q76-T76-V76-Y76-AA76-AD76-AF76,0) -> -2 | AM76: manutenção | AN76: =VLOOKUP(C76,'[2]MARÇO-2024'!$B:$M,12,0) -> 167 | AO76: =AN76-AH76 -> -1 | AP76: =IF(AH76>L76,"Qt de aluno maior que a meta","")
A77: 3 | B77: 15 | C77: 3015 | D77: 33124728 | E77: 33311291000198 | F77: 030253 | G77: CP CRECHE MARIETTA NAVARRO GAIO | H77: CRECHE MARIETTA NAVARRO GAIO | I77: INSTITUIÇÃO MARIA DE NAZARETH - CASA DA MÃE POBRE | J77: RUA FREI PINTO, 75 | K77: ROCHA | L77: 75 | N77: =IFERROR(VLOOKUP(O77,Apoio!A:B,2,0),"") | O77: =IFERROR(VLOOKUP(C77,'[1]TB DIN'!$B:$D,3,0),"AGUARDANDO ANEXO") -> 0 | P77: =IFERROR(VLOOKUP(C77,'[1]TB DIN INCLUIDOS'!$B:$H,3,0),"AGUARDANDO ANEXO") -> 0 | Q77: {=_xlfn.IFS((P77>N77),(N77*2),(P77<=N77),(P77*2))} -> 0 | S77: =IFERROR(VLOOKUP(T77,Apoio!A:B,2,0),"") -> 1 | T77: 25 | U77: =IFERROR(VLOOKUP(C77,'[1]TB DIN INCLUIDOS'!$B:$H,4,0),"AGUARDANDO ANEXO") -> 0 | V77: {=_xlfn.IFS((U77>S77),(S77*2),(U77<=S77),(U77*2))} -> 0 | X77: =IFERROR(VLOOKUP(Y77,Apoio!A:B,2,0),"") -> 1 | Y77: 20 | Z77: =IFERROR(VLOOKUP(C77,'[1]TB DIN INCLUIDOS'!$B:$H,5,0),"AGUARDANDO ANEXO") -> 0 | AA77: {=_xlfn.IFS((Z77>X77),(X77*2),(Z77<=X77),(Z77*2))} -> 0 | AC77: =IFERROR(VLOOKUP(AD77,Apoio!A:B,2,0),"") -> 1 | AD77: 20 | AE77: =IFERROR(VLOOKUP(C77,'[1]TB DIN INCLUIDOS'!$B:$H,6,0),"AGUARDANDO ANEXO") -> 0 | AF77: {=_xlfn.IFS((AE77>AC77),(AC77*2),(AE77<=AC77),(AE77*2))} -> 0 | AH77: =SUM(O77,T77,Y77,AD77) -> 65 | AI77: =SUM(P77,U77,Z77,AE77) -> 0 | AJ77: =SUM(Q77,V77,AA77,AF77) -> 0 | AK77: =IF(L77-AH77-Q77-V77-AA77-AF77>0,L77-AH77-Q77-V77-AA77-AF77,0) -> 10 | AL77: =IF(L77-O77-Q77-T77-V77-Y77-AA77-AD77-AF77<0,L77-O77-Q77-T77-V77-Y77-AA77-AD77-AF77,0) -> 0 | AM77: manutenção | AN77: =VLOOKUP(C77,'[2]MARÇO-2024'!$B:$M,12,0) -> 68 | AO77: =AN77-AH77 -> 3 | AP77: =IF(AH77>L77,"Qt de aluno maior que a meta","")
A78: 3 | B78: 16 | C78: 3016 | D78: 33095264 | E78: 00549660000126 | F78: 030288 | G78: CP CRECHE SÃO PEDRO NOLASCO | H78: CRECHE SÃO PEDRO NOLASCO | I78: ASSOCIAÇÃO BENEFICENTE NOSSA SENHORA DAS MERCÊS | J78: RUA ITAQUIRI, 248 | K78: RAMOS | L78: 100 | N78: =IFERROR(VLOOKUP(O78,Apoio!A:B,2,0),"") | O78: =IFERROR(VLOOKUP(C78,'[1]TB DIN'!$B:$D,3,0),"AGUARDANDO ANEXO") -> 0 | P78: =IFERROR(VLOOKUP(C78,'[1]TB DIN INCLUIDOS'!$B:$H,3,0),"AGUARDANDO ANEXO") -> 0 | Q78: {=_xlfn.IFS((P78>N78),(N78*2),(P78<=N78),(P78*2))} -> 0 | S78: =IFERROR(VLOOKUP(T78,Apoio!A:B,2,0),"") -> 2 | T78: 28 | U78: =IFERROR(VLOOKUP(C78,'[1]TB DIN INCLUIDOS'!$B:$H,4,0),"AGUARDANDO ANEXO") -> 0 | V78: {=_xlfn.IFS((U78>S78),(S78*2),(U78<=S78),(U78*2))} -> 0 | X78: =IFERROR(VLOOKUP(Y78,Apoio!A:B,2,0),"") -> 2 | Y78: 31 | Z78: =IFERROR(VLOOKUP(C78,'[1]TB DIN INCLUIDOS'!$B:$H,5,0),"AGUARDANDO ANEXO") -> 0 | AA78: {=_xlfn.IFS((Z78>X78),(X78*2),(Z78<=X78),(Z78*2))} -> 0 | AC78: =IFERROR(VLOOKUP(AD78,Apoio!A:B,2,0),"") -> 2 | AD78: =IFERROR(VLOOKUP(C78,'[1]TB DIN'!$B:$H,6,0),"AGUARDANDO ANEXO") -> 32 | AE78: =IFERROR(VLOOKUP(C78,'[1]TB DIN INCLUIDOS'!$B:$H,6,0),"AGUARDANDO ANEXO") -> 1 | AF78: {=_xlfn.IFS((AE78>AC78),(AC78*2),(AE78<=AC78),(AE78*2))} -> 2 | AH78: =SUM(O78,T78,Y78,AD78) -> 91 | AI78: =SUM(P78,U78,Z78,AE78) -> 1 | AJ78: =SUM(Q78,V78,AA78,AF78) -> 2 | AK78: =IF(L78-AH78-Q78-V78-AA78-AF78>0,L78-AH78-Q78-V78-AA78-AF78,0) -> 7 | AL78: =IF(L78-O78-Q78-T78-V78-Y78-AA78-AD78-AF78<0,L78-O78-Q78-T78-V78-Y78-AA78-AD78-AF78,0) -> 0 | AM78: manutenção | AN78: =VLOOKUP(C78,'[2]MARÇO-2024'!$B:$M,12,0) -> 90 | AO78: =AN78-AH78 -> -1 | AP78: =IF(AH78>L78,"Qt de aluno maior que a meta","")
A79: 3 | B79: 17 | C79: 3017 | D79: 33127786 | E79: 29187747000182 | F79: 031250 | G79: CP CRECHE TERNURINHA | H79: CRECHE TERNURINHA | I79: AÇÃO COMUNITÁRIA SAL DA TERRA | J79: RUA DA COLHER, 01 | K79: LINS DE VASCONCELOS | L79: 45 | N79: =IFERROR(VLOOKUP(O79,Apoio!A:B,2,0),"") | O79: =IFERROR(VLOOKUP(C79,'[1]TB DIN'!$B:$D,3,0),"AGUARDANDO ANEXO") -> 0 | P79: =IFERROR(VLOOKUP(C79,'[1]TB DIN INCLUIDOS'!$B:$H,3,0),"AGUARDANDO ANEXO") -> 0 | Q79: {=_xlfn.IFS((P79>N79),(N79*2),(P79<=N79),(P79*2))} -> 0 | S79: =IFERROR(VLOOKUP(T79,Apoio!A:B,2,0),"") | T79: =IFERROR(VLOOKUP(C79,'[1]TB DIN'!$B:$H,4,0),"AGUARDANDO ANEXO") -> 0 | U79: =IFERROR(VLOOKUP(C79,'[1]TB DIN INCLUIDOS'!$B:$H,4,0),"AGUARDANDO ANEXO") -> 0 | V79: {=_xlfn.IFS((U79>S79),(S79*2),(U79<=S79),(U79*2))} -> 0 | X79: =IFERROR(VLOOKUP(Y79,Apoio!A:B,2,0),"") -> 1 | Y79: =IFERROR(VLOOKUP(C79,'[1]TB DIN'!$B:$H,5,0),"AGUARDANDO ANEXO") -> 23 | Z79: =IFERROR(VLOOKUP(C79,'[1]TB DIN INCLUIDOS'!$B:$H,5,0),"AGUARDANDO ANEXO") -> 0 | AA79: {=_xlfn.IFS((Z79>X79),(X79*2),(Z79<=X79),(Z79*2))} -> 0 | AC79: =IFERROR(VLOOKUP(AD79,Apoio!A:B,2,0),"") -> 1 | AD79: 16 | AE79: =IFERROR(VLOOKUP(C79,'[1]TB DIN INCLUIDOS'!$B:$H,6,0),"AGUARDANDO ANEXO") -> 0 | AF79: {=_xlfn.IFS((AE79>AC79),(AC79*2),(AE79<=AC79),(AE79*2))} -> 0 | AH79: =SUM(O79,T79,Y79,AD79) -> 39 | AI79: =SUM(P79,U79,Z79,AE79) -> 0 | AJ79: =SUM(Q79,V79,AA79,AF79) -> 0 | AK79: =IF(L79-AH79-Q79-V79-AA79-AF79>0,L79-AH79-Q79-V79-AA79-AF79,0) -> 6 | AL79: =IF(L79-O79-Q79-T79-V79-Y79-AA79-AD79-AF79<0,L79-O79-Q79-T79-V79-Y79-AA79-AD79-AF79,0) -> 0 | AM79: manutenção | AN79: =VLOOKUP(C79,'[2]MARÇO-2024'!$B:$M,12,0) -> 38 | AO79: =AN79-AH79 -> -1 | AP79: =IF(AH79>L79,"Qt de aluno maior que a meta","")
A80: 3 | B80: 18 | C80: 3018 | D80: 33123217 | E80: 30478267000150 | F80: 030255 | G80: CP FRATERNIDADE ASSISTENCIAL CRISTÃ | H80: FRATERNIDADE ASSISTENCIAL CRISTÃ | I80: FRATERNIDADE ASSISTENCIAL CRISTÃ | J80: RUA PROPÍCIA, 245 | K80: ENGENHO NOVO | L80: 47 | N80: =IFERROR(VLOOKUP(O80,Apoio!A:B,2,0),"") | O80: =IFERROR(VLOOKUP(C80,'[1]TB DIN'!$B:$D,3,0),"AGUARDANDO ANEXO") -> 0 | P80: =IFERROR(VLOOKUP(C80,'[1]TB DIN INCLUIDOS'!$B:$H,3,0),"AGUARDANDO ANEXO") -> 0 | Q80: {=_xlfn.IFS((P80>N80),(N80*2),(P80<=N80),(P80*2))} -> 0 | S80: =IFERROR(VLOOKUP(T80,Apoio!A:B,2,0),"") | T80: =IFERROR(VLOOKUP(C80,'[1]TB DIN'!$B:$H,4,0),"AGUARDANDO ANEXO") -> 0 | U80: =IFERROR(VLOOKUP(C80,'[1]TB DIN INCLUIDOS'!$B:$H,4,0),"AGUARDANDO ANEXO") -> 0 | V80: {=_xlfn.IFS((U80>S80),(S80*2),(U80<=S80),(U80*2))} -> 0 | X80: =IFERROR(VLOOKUP(Y80,Apoio!A:B,2,0),"") -> 1 | Y80: =IFERROR(VLOOKUP(C80,'[1]TB DIN'!$B:$H,5,0),"AGUARDANDO ANEXO") -> 23 | Z80: =IFERROR(VLOOKUP(C80,'[1]TB DIN INCLUIDOS'!$B:$H,5,0),"AGUARDANDO ANEXO") -> 1 | AA80: {=_xlfn.IFS((Z80>X80),(X80*2),(Z80<=X80),(Z80*2))} -> 2 | AC80: =IFERROR(VLOOKUP(AD80,Apoio!A:B,2,0),"") -> 1 | AD80: =IFERROR(VLOOKUP(C80,'[1]TB DIN'!$B:$H,6,0),"AGUARDANDO ANEXO") -> 22 | AE80: =IFERROR(VLOOKUP(C80,'[1]TB DIN INCLUIDOS'!$B:$H,6,0),"AGUARDANDO ANEXO") -> 1 | AF80: {=_xlfn.IFS((AE80>AC80),(AC80*2),(AE80<=AC80),(AE80*2))} -> 2 | AH80: =SUM(O80,T80,Y80,AD80) -> 45 | AI80: =SUM(P80,U80,Z80,AE80) -> 2 | AJ80: =SUM(Q80,V80,AA80,AF80) -> 4 | AK80: =IF(L80-AH80-Q80-V80-AA80-AF80>0,L80-AH80-Q80-V80-AA80-AF80,0) -> 0 | AL80: =IF(L80-O80-Q80-T80-V80-Y80-AA80-AD80-AF80<0,L80-O80-Q80-T80-V80-Y80-AA80-AD80-AF80,0) -> -2 | AM80: manutenção | AN80: =VLOOKUP(C80,'[2]MARÇO-2024'!$B:$M,12,0) -> 45 | AO80: =AN80-AH80 -> 0 | AP80: =IF(AH80>L80,"Qt de aluno maior que a meta","")
A81: 3 | B81: 19 | C81: 3019 | D81: 33168768 | E81: 16670716000136 | F81: 030035 | G81: CP INSTITUTO EDUCACIONAL CRESCENDO E APRENDENDO ALGODÃO DOCE | H81: INSTITUTO EDUCACIONAL CRESCENDO E APRENDENDO ALGODÃO DOCE | I81: INSTITUTO EDUCACIONAL CRESCENDO E APRENDENDO - IECA | J81: ESTRADA DE ITARARÉ, 480- COMPLEMENTO RUA NOVA, 66 | K81: RAMOS | L81: 85 | N81: =IFERROR(VLOOKUP(O81,Apoio!A:B,2,0),"") | O81: =IFERROR(VLOOKUP(C81,'[1]TB DIN'!$B:$D,3,0),"AGUARDANDO ANEXO") -> 0 | P81: =IFERROR(VLOOKUP(C81,'[1]TB DIN INCLUIDOS'!$B:$H,3,0),"AGUARDANDO ANEXO") -> 0 | Q81: {=_xlfn.IFS((P81>N81),(N81*2),(P81<=N81),(P81*2))} -> 0 | S81: =IFERROR(VLOOKUP(T81,Apoio!A:B,2,0),"") -> 1 | T81: 25 | U81: =IFERROR(VLOOKUP(C81,'[1]TB DIN INCLUIDOS'!$B:$H,4,0),"AGUARDANDO ANEXO") -> 0 | V81: {=_xlfn.IFS((U81>S81),(S81*2),(U81<=S81),(U81*2))} -> 0 | X81: =IFERROR(VLOOKUP(Y81,Apoio!A:B,2,0),"") -> 1 | Y81: =IFERROR(VLOOKUP(C81,'[1]TB DIN'!$B:$H,5,0),"AGUARDANDO ANEXO") -> 24 | Z81: =IFERROR(VLOOKUP(C81,'[1]TB DIN INCLUIDOS'!$B:$H,5,0),"AGUARDANDO ANEXO") -> 0 | AA81: {=_xlfn.IFS((Z81>X81),(X81*2),(Z81<=X81),(Z81*2))} -> 0 | AC81: =IFERROR(VLOOKUP(AD81,Apoio!A:B,2,0),"") -> 2 | AD81: 36 | AE81: =IFERROR(VLOOKUP(C81,'[1]TB DIN INCLUIDOS'!$B:$H,6,0),"AGUARDANDO ANEXO") -> 0 | AF81: {=_xlfn.IFS((AE81>AC81),(AC81*2),(AE81<=AC81),(AE81*2))} -> 0 | AH81: =SUM(O81,T81,Y81,AD81) -> 85 | AI81: =SUM(P81,U81,Z81,AE81) -> 0 | AJ81: =SUM(Q81,V81,AA81,AF81) -> 0 | AK81: =IF(L81-AH81-Q81-V81-AA81-AF81>0,L81-AH81-Q81-V81-AA81-AF81,0) -> 0 | AL81: =IF(L81-O81-Q81-T81-V81-Y81-AA81-AD81-AF81<0,L81-O81-Q81-T81-V81-Y81-AA81-AD81-AF81,0) -> 0 | AM81: manutenção | AN81: =VLOOKUP(C81,'[2]MARÇO-2024'!$B:$M,12,0) -> 85 | AO81: =AN81-AH81 -> 0 | AP81: =IF(AH81>L81,"Qt de aluno maior que a meta","")
A82: 3 | B82: 20 | C82: 3020 | D82: 33123098 | E82: 33593575036739 | F82: 030256 | G82: CP LAR DA CRIANÇA JESUS BOM PASTOR | H82: LAR DA CRIANÇA JESUS BOM PASTOR | I82: MITRA ARQUIEPISCOPAL DO RIO DE JANEIRO | J82: RUA BOA VISTA, 20 - A | K82: INHAÚMA | L82: 125 | N82: =IFERROR(VLOOKUP(O82,Apoio!A:B,2,0),"") | O82: =IFERROR(VLOOKUP(C82,'[1]TB DIN'!$B:$D,3,0),"AGUARDANDO ANEXO") -> 0 | P82: =IFERROR(VLOOKUP(C82,'[1]TB DIN INCLUIDOS'!$B:$H,3,0),"AGUARDANDO ANEXO") -> 0 | Q82: {=_xlfn.IFS((P82>N82),(N82*2),(P82<=N82),(P82*2))} -> 0 | S82: =IFERROR(VLOOKUP(T82,Apoio!A:B,2,0),"") | T82: =IFERROR(VLOOKUP(C82,'[1]TB DIN'!$B:$H,4,0),"AGUARDANDO ANEXO") -> 0 | U82: =IFERROR(VLOOKUP(C82,'[1]TB DIN INCLUIDOS'!$B:$H,4,0),"AGUARDANDO ANEXO") -> 0 | V82: {=_xlfn.IFS((U82>S82),(S82*2),(U82<=S82),(U82*2))} -> 0 | X82: =IFERROR(VLOOKUP(Y82,Apoio!A:B,2,0),"") -> 2 | Y82: 44 | Z82: =IFERROR(VLOOKUP(C82,'[1]TB DIN INCLUIDOS'!$B:$H,5,0),"AGUARDANDO ANEXO") -> 0 | AA82: {=_xlfn.IFS((Z82>X82),(X82*2),(Z82<=X82),(Z82*2))} -> 0 | AC82: =IFERROR(VLOOKUP(AD82,Apoio!A:B,2,0),"") -> 3 | AD82: 62 | AE82: 3 | AF82: {=_xlfn.IFS((AE82>AC82),(AC82*2),(AE82<=AC82),(AE82*2))} -> 6 | AH82: =SUM(O82,T82,Y82,AD82) -> 106 | AI82: =SUM(P82,U82,Z82,AE82) -> 3 | AJ82: =SUM(Q82,V82,AA82,AF82) -> 6 | AK82: =IF(L82-AH82-Q82-V82-AA82-AF82>0,L82-AH82-Q82-V82-AA82-AF82,0) -> 13 | AL82: =IF(L82-O82-Q82-T82-V82-Y82-AA82-AD82-AF82<0,L82-O82-Q82-T82-V82-Y82-AA82-AD82-AF82,0) -> 0 | AM82: manutenção | AN82: =VLOOKUP(C82,'[2]MARÇO-2024'!$B:$M,12,0) -> 107 | AO82: =AN82-AH82 -> 1 | AP82: =IF(AH82>L82,"Qt de aluno maior que a meta","")
A83: 3 | B83: 21 | C83: 3021 | D83: 33161399 | E83: 10747292000184 | F83: 039233 | G83: CP CRECHE COMUNITÁRIA TIA ALICE | H83: CRECHE COMUNITÁRIA TIA ALICE | I83: ASSOCIAÇÃO DE PAIS DA CRECHE COMUNITÁRIA TIA ALICE | J83: RUA CAMBORIÚ, 205 - FUNDOS | K83: JACARÉ | L83: 180 | N83: =IFERROR(VLOOKUP(O83,Apoio!A:B,2,0),"") | O83: =IFERROR(VLOOKUP(C83,'[1]TB DIN'!$B:$D,3,0),"AGUARDANDO ANEXO") -> 0 | P83: =IFERROR(VLOOKUP(C83,'[1]TB DIN INCLUIDOS'!$B:$H,3,0),"AGUARDANDO ANEXO") -> 0 | Q83: {=_xlfn.IFS((P83>N83),(N83*2),(P83<=N83),(P83*2))} -> 0 | S83: =IFERROR(VLOOKUP(T83,Apoio!A:B,2,0),"") -> 2 | T83: =IFERROR(VLOOKUP(C83,'[1]TB DIN'!$B:$H,4,0),"AGUARDANDO ANEXO") -> 50 | U83: =IFERROR(VLOOKUP(C83,'[1]TB DIN INCLUIDOS'!$B:$H,4,0),"AGUARDANDO ANEXO") -> 1 | V83: {=_xlfn.IFS((U83>S83),(S83*2),(U83<=S83),(U83*2))} -> 2 | X83: =IFERROR(VLOOKUP(Y83,Apoio!A:B,2,0),"") -> 3 | Y83: 53 | Z83: =IFERROR(VLOOKUP(C83,'[1]TB DIN INCLUIDOS'!$B:$H,5,0),"AGUARDANDO ANEXO") -> 0 | AA83: {=_xlfn.IFS((Z83>X83),(X83*2),(Z83<=X83),(Z83*2))} -> 0 | AC83: =IFERROR(VLOOKUP(AD83,Apoio!A:B,2,0),"") -> 3 | AD83: 73 | AE83: =IFERROR(VLOOKUP(C83,'[1]TB DIN INCLUIDOS'!$B:$H,6,0),"AGUARDANDO ANEXO") -> 0 | AF83: {=_xlfn.IFS((AE83>AC83),(AC83*2),(AE83<=AC83),(AE83*2))} -> 0 | AH83: =SUM(O83,T83,Y83,AD83) -> 176 | AI83: =SUM(P83,U83,Z83,AE83) -> 1 | AJ83: =SUM(Q83,V83,AA83,AF83) -> 2 | AK83: =IF(L83-AH83-Q83-V83-AA83-AF83>0,L83-AH83-Q83-V83-AA83-AF83,0) -> 2 | AL83: =IF(L83-O83-Q83-T83-V83-Y83-AA83-AD83-AF83<0,L83-O83-Q83-T83-V83-Y83-AA83-AD83-AF83,0) -> 0 | AM83: manutenção | AN83: =VLOOKUP(C83,'[2]MARÇO-2024'!$B:$M,12,0) -> 179 | AO83: =AN83-AH83 -> 3 | AP83: =IF(AH83>L83,"Qt de aluno maior que a meta","")
A84: 3 | B84: 22 | C84: 3022 | D84: 33181853 | E84: 27518963000138 | F84: 030076 | G84: CP INSTITUTO AVANTE ELITE DO FUTURO | H84: INSTITUTO AVANTE ELITE DO FUTURO | I84: INSTITUTO AVANTE ELITE DO FUTURO | J84: RUA EDMUNDO, 97 | K84: PILARES | L84: 122 | N84: =IFERROR(VLOOKUP(O84,Apoio!A:B,2,0),"") -> 1 | O84: 6 | P84: =IFERROR(VLOOKUP(C84,'[1]TB DIN INCLUIDOS'!$B:$H,3,0),"AGUARDANDO ANEXO") -> 0 | Q84: {=_xlfn.IFS((P84>N84),(N84*2),(P84<=N84),(P84*2))} -> 0 | S84: =IFERROR(VLOOKUP(T84,Apoio!A:B,2,0),"") -> 1 | T84: 25 | U84: =IFERROR(VLOOKUP(C84,'[1]TB DIN INCLUIDOS'!$B:$H,4,0),"AGUARDANDO ANEXO") -> 0 | V84: {=_xlfn.IFS((U84>S84),(S84*2),(U84<=S84),(U84*2))} -> 0 | X84: =IFERROR(VLOOKUP(Y84,Apoio!A:B,2,0),"") -> 2 | Y84: 44 | Z84: =IFERROR(VLOOKUP(C84,'[1]TB DIN INCLUIDOS'!$B:$H,5,0),"AGUARDANDO ANEXO") -> 0 | AA84: {=_xlfn.IFS((Z84>X84),(X84*2),(Z84<=X84),(Z84*2))} -> 0 | AC84: =IFERROR(VLOOKUP(AD84,Apoio!A:B,2,0),"") -> 2 | AD84: =IFERROR(VLOOKUP(C84,'[1]TB DIN'!$B:$H,6,0),"AGUARDANDO ANEXO") -> 47 | AE84: =IFERROR(VLOOKUP(C84,'[1]TB DIN INCLUIDOS'!$B:$H,6,0),"AGUARDANDO ANEXO") -> 1 | AF84: {=_xlfn.IFS((AE84>AC84),(AC84*2),(AE84<=AC84),(AE84*2))} -> 2 | AH84: =SUM(O84,T84,Y84,AD84) -> 122 | AI84: =SUM(P84,U84,Z84,AE84) -> 1 | AJ84: =SUM(Q84,V84,AA84,AF84) -> 2 | AK84: =IF(L84-AH84-Q84-V84-AA84-AF84>0,L84-AH84-Q84-V84-AA84-AF84,0) -> 0 | AL84: =IF(L84-O84-Q84-T84-V84-Y84-AA84-AD84-AF84<0,L84-O84-Q84-T84-V84-Y84-AA84-AD84-AF84,0) -> -2 | AM84: manutenção | AN84: =VLOOKUP(C84,'[2]MARÇO-2024'!$B:$M,12,0) -> 120 | AO84: =AN84-AH84 -> -2 | AP84: =IF(AH84>L84,"Qt de aluno maior que a meta","")
A85: 3 | B85: 23 | C85: 3023 | D85: 33183236 | E85: 28018521000195 | F85: 030055 | G85: CP LAR DE MARIA DOLORES | H85: LAR DE MARIA DOLORES | I85: LAR DE MARIA DOLORES | J85: RUA NAZÁRIO, 42 | K85: ROCHA | L85: 92 | N85: =IFERROR(VLOOKUP(O85,Apoio!A:B,2,0),"") | O85: =IFERROR(VLOOKUP(C85,'[1]TB DIN'!$B:$D,3,0),"AGUARDANDO ANEXO") -> 0 | P85: =IFERROR(VLOOKUP(C85,'[1]TB DIN INCLUIDOS'!$B:$H,3,0),"AGUARDANDO ANEXO") -> 0 | Q85: {=_xlfn.IFS((P85>N85),(N85*2),(P85<=N85),(P85*2))} -> 0 | S85: =IFERROR(VLOOKUP(T85,Apoio!A:B,2,0),"") | T85: =IFERROR(VLOOKUP(C85,'[1]TB DIN'!$B:$H,4,0),"AGUARDANDO ANEXO") -> 0 | U85: =IFERROR(VLOOKUP(C85,'[1]TB DIN INCLUIDOS'!$B:$H,4,0),"AGUARDANDO ANEXO") -> 0 | V85: {=_xlfn.IFS((U85>S85),(S85*2),(U85<=S85),(U85*2))} -> 0 | X85: =IFERROR(VLOOKUP(Y85,Apoio!A:B,2,0),"") -> 1 | Y85: =IFERROR(VLOOKUP(C85,'[1]TB DIN'!$B:$H,5,0),"AGUARDANDO ANEXO") -> 16 | Z85: 1 | AA85: {=_xlfn.IFS((Z85>X85),(X85*2),(Z85<=X85),(Z85*2))} -> 2 | AC85: =IFERROR(VLOOKUP(AD85,Apoio!A:B,2,0),"") -> 2 | AD85: 26 | AE85: =IFERROR(VLOOKUP(C85,'[1]TB DIN INCLUIDOS'!$B:$H,6,0),"AGUARDANDO ANEXO") -> 1 | AF85: {=_xlfn.IFS((AE85>AC85),(AC85*2),(AE85<=AC85),(AE85*2))} -> 2 | AH85: =SUM(O85,T85,Y85,AD85) -> 42 | AI85: =SUM(P85,U85,Z85,AE85) -> 2 | AJ85: =SUM(Q85,V85,AA85,AF85) -> 4 | AK85: =IF(L85-AH85-Q85-V85-AA85-AF85>0,L85-AH85-Q85-V85-AA85-AF85,0) -> 46 | AL85: =IF(L85-O85-Q85-T85-V85-Y85-AA85-AD85-AF85<0,L85-O85-Q85-T85-V85-Y85-AA85-AD85-AF85,0) -> 0 | AM85: manutenção | AN85: =VLOOKUP(C85,'[2]MARÇO-2024'!$B:$M,12,0) -> 44 | AO85: =AN85-AH85 -> 2 | AP85: =IF(AH85>L85,"Qt de aluno maior que a meta","")
A86: 3 | B86: 24 | C86: 3024 | D86: 33177422 | E86: 33709171000143 | F86: 031254 | G86: CP CASA DE LEYLÁ | H86: CASA DE LEYLÁ | I86: CRUZADA DO MENOR | J86: RUA ANA NERI, 2400 | K86: SAMPAIO | L86: 135 | N86: =IFERROR(VLOOKUP(O86,Apoio!A:B,2,0),"") | O86: =IFERROR(VLOOKUP(C86,'[1]TB DIN'!$B:$D,3,0),"AGUARDANDO ANEXO") -> 0 | P86: =IFERROR(VLOOKUP(C86,'[1]TB DIN INCLUIDOS'!$B:$H,3,0),"AGUARDANDO ANEXO") -> 0 | Q86: {=_xlfn.IFS((P86>N86),(N86*2),(P86<=N86),(P86*2))} -> 0 | S86: =IFERROR(VLOOKUP(T86,Apoio!A:B,2,0),"") -> 2 | T86: 36 | U86: =IFERROR(VLOOKUP(C86,'[1]TB DIN INCLUIDOS'!$B:$H,4,0),"AGUARDANDO ANEXO") -> 0 | V86: {=_xlfn.IFS((U86>S86),(S86*2),(U86<=S86),(U86*2))} -> 0 | X86: =IFERROR(VLOOKUP(Y86,Apoio!A:B,2,0),"") -> 2 | Y86: 49 | Z86: =IFERROR(VLOOKUP(C86,'[1]TB DIN INCLUIDOS'!$B:$H,5,0),"AGUARDANDO ANEXO") -> 1 | AA86: {=_xlfn.IFS((Z86>X86),(X86*2),(Z86<=X86),(Z86*2))} -> 2 | AC86: =IFERROR(VLOOKUP(AD86,Apoio!A:B,2,0),"") -> 2 | AD86: =IFERROR(VLOOKUP(C86,'[1]TB DIN'!$B:$H,6,0),"AGUARDANDO ANEXO") -> 48 | AE86: =IFERROR(VLOOKUP(C86,'[1]TB DIN INCLUIDOS'!$B:$H,6,0),"AGUARDANDO ANEXO") -> 2 | AF86: {=_xlfn.IFS((AE86>AC86),(AC86*2),(AE86<=AC86),(AE86*2))} -> 4 | AH86: =SUM(O86,T86,Y86,AD86) -> 133 | AI86: =SUM(P86,U86,Z86,AE86) -> 3 | AJ86: =SUM(Q86,V86,AA86,AF86) -> 6 | AK86: =IF(L86-AH86-Q86-V86-AA86-AF86>0,L86-AH86-Q86-V86-AA86-AF86,0) -> 0 | AL86: =IF(L86-O86-Q86-T86-V86-Y86-AA86-AD86-AF86<0,L86-O86-Q86-T86-V86-Y86-AA86-AD86-AF86,0) -> -4 | AM86: manutenção | AN86: =VLOOKUP(C86,'[2]MARÇO-2024'!$B:$M,12,0) -> 131 | AO86: =AN86-AH86 -> -2 | AP86: =IF(AH86>L86,"Qt de aluno maior que a meta","")
A87: 3 | B87: 25 | C87: 3025 | D87: 33184488 | E87: 27459612000101 | F87: 031052 | G87: CP CENTRO CULTURAL EDUCAR - UNIDADE II | H87: CENTRO CULTURAL EDUCAR - UNIDADE II | I87: CENTRO CULTURAL EDUCAR | J87: AV. DOM HÉLDER CÂMARA, 7622 | K87: ABOLIÇÃO | L87: 157 | N87: =IFERROR(VLOOKUP(O87,Apoio!A:B,2,0),"") | O87: =IFERROR(VLOOKUP(C87,'[1]TB DIN'!$B:$D,3,0),"AGUARDANDO ANEXO") -> 0 | P87: =IFERROR(VLOOKUP(C87,'[1]TB DIN INCLUIDOS'!$B:$H,3,0),"AGUARDANDO ANEXO") -> 0 | Q87: {=_xlfn.IFS((P87>N87),(N87*2),(P87<=N87),(P87*2))} -> 0 | S87: =IFERROR(VLOOKUP(T87,Apoio!A:B,2,0),"") -> 2 | T87: 46 | U87: =IFERROR(VLOOKUP(C87,'[1]TB DIN INCLUIDOS'!$B:$H,4,0),"AGUARDANDO ANEXO") -> 0 | V87: {=_xlfn.IFS((U87>S87),(S87*2),(U87<=S87),(U87*2))} -> 0 | X87: =IFERROR(VLOOKUP(Y87,Apoio!A:B,2,0),"") -> 3 | Y87: 57 | Z87: =IFERROR(VLOOKUP(C87,'[1]TB DIN INCLUIDOS'!$B:$H,5,0),"AGUARDANDO ANEXO") -> 0 | AA87: {=_xlfn.IFS((Z87>X87),(X87*2),(Z87<=X87),(Z87*2))} -> 0 | AC87: =IFERROR(VLOOKUP(AD87,Apoio!A:B,2,0),"") -> 3 | AD87: 58 | AE87: =IFERROR(VLOOKUP(C87,'[1]TB DIN INCLUIDOS'!$B:$H,6,0),"AGUARDANDO ANEXO") -> 0 | AF87: {=_xlfn.IFS((AE87>AC87),(AC87*2),(AE87<=AC87),(AE87*2))} -> 0 | AH87: =SUM(O87,T87,Y87,AD87) -> 161 | AI87: =SUM(P87,U87,Z87,AE87) -> 0 | AJ87: =SUM(Q87,V87,AA87,AF87) -> 0 | AK87: =IF(L87-AH87-Q87-V87-AA87-AF87>0,L87-AH87-Q87-V87-AA87-AF87,0) -> 0 | AL87: =IF(L87-O87-Q87-T87-V87-Y87-AA87-AD87-AF87<0,L87-O87-Q87-T87-V87-Y87-AA87-AD87-AF87,0) -> -4 | AM87: manutenção | AN87: =VLOOKUP(C87,'[2]MARÇO-2024'!$B:$M,12,0) -> 157 | AO87: =AN87-AH87 -> -4 | AP87: =IF(AH87>L87,"Qt de aluno maior que a meta","") -> Qt de aluno maior que a meta
A88: 3 | B88: 26 | C88: 3026 | D88: 33180547 | E88: 26095792000119 | F88: 030016 | G88: CP CHALÉ SEMENTINHA | H88: CHALÉ SEMENTINHA | I88: ASSOCIAÇÃO CHALÉ SEMENTINHAS | J88: RUA JOSÉ RUBINO, 82 E 88 | K88: HIGIENÓPOLIS | L88: 243 | N88: =IFERROR(VLOOKUP(O88,Apoio!A:B,2,0),"") -> 1 | O88: =IFERROR(VLOOKUP(C88,'[1]TB DIN'!$B:$D,3,0),"AGUARDANDO ANEXO") -> 5 | P88: =IFERROR(VLOOKUP(C88,'[1]TB DIN INCLUIDOS'!$B:$H,3,0),"AGUARDANDO ANEXO") -> 0 | Q88: {=_xlfn.IFS((P88>N88),(N88*2),(P88<=N88),(P88*2))} -> 0 | S88: =IFERROR(VLOOKUP(T88,Apoio!A:B,2,0),"") -> 2 | T88: 45 | U88: =IFERROR(VLOOKUP(C88,'[1]TB DIN INCLUIDOS'!$B:$H,4,0),"AGUARDANDO ANEXO") -> 0 | V88: {=_xlfn.IFS((U88>S88),(S88*2),(U88<=S88),(U88*2))} -> 0 | X88: =IFERROR(VLOOKUP(Y88,Apoio!A:B,2,0),"") -> 5 | Y88: 108 | Z88: 1 | AA88: {=_xlfn.IFS((Z88>X88),(X88*2),(Z88<=X88),(Z88*2))} -> 2 | AC88: =IFERROR(VLOOKUP(AD88,Apoio!A:B,2,0),"") -> 4 | AD88: 79 | AE88: =IFERROR(VLOOKUP(C88,'[1]TB DIN INCLUIDOS'!$B:$H,6,0),"AGUARDANDO ANEXO") -> 3 | AF88: {=_xlfn.IFS((AE88>AC88),(AC88*2),(AE88<=AC88),(AE88*2))} -> 6 | AH88: =SUM(O88,T88,Y88,AD88) -> 237 | AI88: =SUM(P88,U88,Z88,AE88) -> 4 | AJ88: =SUM(Q88,V88,AA88,AF88) -> 8 | AK88: =IF(L88-AH88-Q88-V88-AA88-AF88>0,L88-AH88-Q88-V88-AA88-AF88,0) -> 0 | AL88: =IF(L88-O88-Q88-T88-V88-Y88-AA88-AD88-AF88<0,L88-O88-Q88-T88-V88-Y88-AA88-AD88-AF88,0) -> -2 | AM88: manutenção | AN88: =VLOOKUP(C88,'[2]MARÇO-2024'!$B:$M,12,0) -> 237 | AO88: =AN88-AH88 -> 0 | AP88: =IF(AH88>L88,"Qt de aluno maior que a meta","")
A89: 3 | B89: 27 | C89: 3027 | D89: 33188173 | E89: 27459612000101 | F89: 032052 | G89: CP CRECHE ALFA MASTER | H89: CENTRO CULTURAL EDUCAR - UNIDADE IV (ALFA MASTER) | I89: CENTRO CULTURAL EDUCAR (EDUCAR IV) | J89: RUA MOSSORÓ, 107 | K89: MÉIER | L89: 269 | N89: =IFERROR(VLOOKUP(O89,Apoio!A:B,2,0),"") | O89: =IFERROR(VLOOKUP(C89,'[1]TB DIN'!$B:$D,3,0),"AGUARDANDO ANEXO") -> 0 | P89: =IFERROR(VLOOKUP(C89,'[1]TB DIN INCLUIDOS'!$B:$H,3,0),"AGUARDANDO ANEXO") -> 0 | Q89: {=_xlfn.IFS((P89>N89),(N89*2),(P89<=N89),(P89*2))} -> 0 | S89: =IFERROR(VLOOKUP(T89,Apoio!A:B,2,0),"") -> 4 | T89: 96 | U89: =IFERROR(VLOOKUP(C89,'[1]TB DIN INCLUIDOS'!$B:$H,4,0),"AGUARDANDO ANEXO") -> 0 | V89: {=_xlfn.IFS((U89>S89),(S89*2),(U89<=S89),(U89*2))} -> 0 | X89: =IFERROR(VLOOKUP(Y89,Apoio!A:B,2,0),"") -> 3 | Y89: =IFERROR(VLOOKUP(C89,'[1]TB DIN'!$B:$H,5,0),"AGUARDANDO ANEXO") -> 63 | Z89: =IFERROR(VLOOKUP(C89,'[1]TB DIN INCLUIDOS'!$B:$H,5,0),"AGUARDANDO ANEXO") -> 0 | AA89: {=_xlfn.IFS((Z89>X89),(X89*2),(Z89<=X89),(Z89*2))} -> 0 | AC89: =IFERROR(VLOOKUP(AD89,Apoio!A:B,2,0),"") -> 4 | AD89: 91 | AE89: =IFERROR(VLOOKUP(C89,'[1]TB DIN INCLUIDOS'!$B:$H,6,0),"AGUARDANDO ANEXO") -> 0 | AF89: {=_xlfn.IFS((AE89>AC89),(AC89*2),(AE89<=AC89),(AE89*2))} -> 0 | AH89: =SUM(O89,T89,Y89,AD89) -> 250 | AI89: =SUM(P89,U89,Z89,AE89) -> 0 | AJ89: =SUM(Q89,V89,AA89,AF89) -> 0 | AK89: =IF(L89-AH89-Q89-V89-AA89-AF89>0,L89-AH89-Q89-V89-AA89-AF89,0) -> 19 | AL89: =IF(L89-O89-Q89-T89-V89-Y89-AA89-AD89-AF89<0,L89-O89-Q89-T89-V89-Y89-AA89-AD89-AF89,0) -> 0 | AM89: manutenção | AN89: =VLOOKUP(C89,'[2]MARÇO-2024'!$B:$M,12,0) -> 220 | AO89: =AN89-AH89 -> -30 | AP89: =IF(AH89>L89,"Qt de aluno maior que a meta","")
A90: 3 | B90: 28 | C90: 3028 | D90: 33191999 | E90: 40172026000131 | F90: 030146 | G90: CP ESTRELINHA DO MAR | H90: ESTRELINHA DO MAR | I90: CENTRO CULTURAL ESTRELINHA DO MAR | J90: RUA DIVINO SALVADOR, 349 | K90: PIEDADE | L90: 100 | N90: =IFERROR(VLOOKUP(O90,Apoio!A:B,2,0),"") | O90: =IFERROR(VLOOKUP(C90,'[1]TB DIN'!$B:$D,3,0),"AGUARDANDO ANEXO") -> 0 | P90: =IFERROR(VLOOKUP(C90,'[1]TB DIN INCLUIDOS'!$B:$H,3,0),"AGUARDANDO ANEXO") -> 0 | Q90: {=_xlfn.IFS((P90>N90),(N90*2),(P90<=N90),(P90*2))} -> 0 | S90: =IFERROR(VLOOKUP(T90,Apoio!A:B,2,0),"") | T90: =IFERROR(VLOOKUP(C90,'[1]TB DIN'!$B:$H,4,0),"AGUARDANDO ANEXO") -> 0 | U90: =IFERROR(VLOOKUP(C90,'[1]TB DIN INCLUIDOS'!$B:$H,4,0),"AGUARDANDO ANEXO") -> 0 | V90: {=_xlfn.IFS((U90>S90),(S90*2),(U90<=S90),(U90*2))} -> 0 | X90: =IFERROR(VLOOKUP(Y90,Apoio!A:B,2,0),"") -> 3 | Y90: =IFERROR(VLOOKUP(C90,'[1]TB DIN'!$B:$H,5,0),"AGUARDANDO ANEXO") -> 57 | Z90: =IFERROR(VLOOKUP(C90,'[1]TB DIN INCLUIDOS'!$B:$H,5,0),"AGUARDANDO ANEXO") -> 0 | AA90: {=_xlfn.IFS((Z90>X90),(X90*2),(Z90<=X90),(Z90*2))} -> 0 | AC90: =IFERROR(VLOOKUP(AD90,Apoio!A:B,2,0),"") -> 2 | AD90: =IFERROR(VLOOKUP(C90,'[1]TB DIN'!$B:$H,6,0),"AGUARDANDO ANEXO") -> 43 | AE90: =IFERROR(VLOOKUP(C90,'[1]TB DIN INCLUIDOS'!$B:$H,6,0),"AGUARDANDO ANEXO") -> 2 | AF90: {=_xlfn.IFS((AE90>AC90),(AC90*2),(AE90<=AC90),(AE90*2))} -> 4 | AH90: =SUM(O90,T90,Y90,AD90) -> 100 | AI90: =SUM(P90,U90,Z90,AE90) -> 2 | AJ90: =SUM(Q90,V90,AA90,AF90) -> 4 | AK90: =IF(L90-AH90-Q90-V90-AA90-AF90>0,L90-AH90-Q90-V90-AA90-AF90,0) -> 0 | AL90: =IF(L90-O90-Q90-T90-V90-Y90-AA90-AD90-AF90<0,L90-O90-Q90-T90-V90-Y90-AA90-AD90-AF90,0) -> -4 | AM90: manutenção | AN90: =VLOOKUP(C90,'[2]MARÇO-2024'!$B:$M,12,0) -> 94 | AO90: =AN90-AH90 -> -6 | AP90: =IF(AH90>L90,"Qt de aluno maior que a meta","")
A91: 3 | B91: 29 | C91: 3029 | D91: 33191980 | E91: 10747292000184 | F91: 031233 | G91: CP CRECHE BRINCANDO COM JUNINHO | H91: CRECHE BRINCANDO COM JUNINHO | I91: ASSOCIAÇÃO DE PAIS DA CRECHE TIA ALICE | J91: RUA CAMARISTA MÉIER, 972 | K91: ENGENHO DE DENTRO | L91: 90 | N91: =IFERROR(VLOOKUP(O91,Apoio!A:B,2,0),"") | O91: =IFERROR(VLOOKUP(C91,'[1]TB DIN'!$B:$D,3,0),"AGUARDANDO ANEXO") -> 0 | P91: =IFERROR(VLOOKUP(C91,'[1]TB DIN INCLUIDOS'!$B:$H,3,0),"AGUARDANDO ANEXO") -> 0 | Q91: {=_xlfn.IFS((P91>N91),(N91*2),(P91<=N91),(P91*2))} -> 0 | S91: =IFERROR(VLOOKUP(T91,Apoio!A:B,2,0),"") -> 2 | T91: =IFERROR(VLOOKUP(C91,'[1]TB DIN'!$B:$H,4,0),"AGUARDANDO ANEXO") -> 26 | U91: =IFERROR(VLOOKUP(C91,'[1]TB DIN INCLUIDOS'!$B:$H,4,0),"AGUARDANDO ANEXO") -> 0 | V91: {=_xlfn.IFS((U91>S91),(S91*2),(U91<=S91),(U91*2))} -> 0 | X91: =IFERROR(VLOOKUP(Y91,Apoio!A:B,2,0),"") -> 2 | Y91: =IFERROR(VLOOKUP(C91,'[1]TB DIN'!$B:$H,5,0),"AGUARDANDO ANEXO") -> 34 | Z91: =IFERROR(VLOOKUP(C91,'[1]TB DIN INCLUIDOS'!$B:$H,5,0),"AGUARDANDO ANEXO") -> 0 | AA91: {=_xlfn.IFS((Z91>X91),(X91*2),(Z91<=X91),(Z91*2))} -> 0 | AC91: =IFERROR(VLOOKUP(AD91,Apoio!A:B,2,0),"") -> 2 | AD91: =IFERROR(VLOOKUP(C91,'[1]TB DIN'!$B:$H,6,0),"AGUARDANDO ANEXO") -> 29 | AE91: =IFERROR(VLOOKUP(C91,'[1]TB DIN INCLUIDOS'!$B:$H,6,0),"AGUARDANDO ANEXO") -> 0 | AF91: {=_xlfn.IFS((AE91>AC91),(AC91*2),(AE91<=AC91),(AE91*2))} -> 0 | AH91: =SUM(O91,T91,Y91,AD91) -> 89 | AI91: =SUM(P91,U91,Z91,AE91) -> 0 | AJ91: =SUM(Q91,V91,AA91,AF91) -> 0 | AK91: =IF(L91-AH91-Q91-V91-AA91-AF91>0,L91-AH91-Q91-V91-AA91-AF91,0) -> 1 | AL91: =IF(L91-O91-Q91-T91-V91-Y91-AA91-AD91-AF91<0,L91-O91-Q91-T91-V91-Y91-AA91-AD91-AF91,0) -> 0 | AM91: manutenção | AN91: =VLOOKUP(C91,'[2]MARÇO-2024'!$B:$M,12,0) -> 92 | AO91: =AN91-AH91 -> 3 | AP91: =IF(AH91>L91,"Qt de aluno maior que a meta","")
A92: 3 | B92: 30 | C92: 3030 | D92: 33192669 | E92: 10747292000184 | F92: 039238 | G92: CP CRECHE TIO KITO | H92: CRECHE TIO KITO | I92: ASSOCIAÇÃO DE PAIS DA CRECHE TIA ALICE | J92: AV. MARECHAL RONDON, 2649 | K92: SÃO FRANCISCO XAVIER | L92: 80 | N92: =IFERROR(VLOOKUP(O92,Apoio!A:B,2,0),"") -> 1 | O92: 1 | P92: =IFERROR(VLOOKUP(C92,'[1]TB DIN INCLUIDOS'!$B:$H,3,0),"AGUARDANDO ANEXO") -> 0 | Q92: {=_xlfn.IFS((P92>N92),(N92*2),(P92<=N92),(P92*2))} -> 0 | S92: =IFERROR(VLOOKUP(T92,Apoio!A:B,2,0),"") -> 1 | T92: 23 | U92: =IFERROR(VLOOKUP(C92,'[1]TB DIN INCLUIDOS'!$B:$H,4,0),"AGUARDANDO ANEXO") -> 0 | V92: {=_xlfn.IFS((U92>S92),(S92*2),(U92<=S92),(U92*2))} -> 0 | X92: =IFERROR(VLOOKUP(Y92,Apoio!A:B,2,0),"") -> 2 | Y92: 29 | Z92: =IFERROR(VLOOKUP(C92,'[1]TB DIN INCLUIDOS'!$B:$H,5,0),"AGUARDANDO ANEXO") -> 0 | AA92: {=_xlfn.IFS((Z92>X92),(X92*2),(Z92<=X92),(Z92*2))} -> 0 | AC92: =IFERROR(VLOOKUP(AD92,Apoio!A:B,2,0),"") -> 2 | AD92: 27 | AE92: =IFERROR(VLOOKUP(C92,'[1]TB DIN INCLUIDOS'!$B:$H,6,0),"AGUARDANDO ANEXO") -> 0 | AF92: {=_xlfn.IFS((AE92>AC92),(AC92*2),(AE92<=AC92),(AE92*2))} -> 0 | AH92: =SUM(O92,T92,Y92,AD92) -> 80 | AI92: =SUM(P92,U92,Z92,AE92) -> 0 | AJ92: =SUM(Q92,V92,AA92,AF92) -> 0 | AK92: =IF(L92-AH92-Q92-V92-AA92-AF92>0,L92-AH92-Q92-V92-AA92-AF92,0) -> 0 | AL92: =IF(L92-O92-Q92-T92-V92-Y92-AA92-AD92-AF92<0,L92-O92-Q92-T92-V92-Y92-AA92-AD92-AF92,0) -> 0 | AM92: manutenção | AN92: =VLOOKUP(C92,'[2]MARÇO-2024'!$B:$M,12,0) -> 69 | AO92: =AN92-AH92 -> -11 | AP92: =IF(AH92>L92,"Qt de aluno maior que a meta","")
A93: 3 | B93: 31 | C93: 3031 | D93: 33192715 | E93: 31421019000135 | F93: 039239 | G93: CP ESCOLA COMUNITÁRIA JARDIM ARCO-ÍRIS - UNIDADE I | H93: ESCOLA COMUNITÁRIA JARDIM ARCO-ÍRIS - UNIDADE I | I93: ESCOLA COMUNITÁRIA JARDIM ARCO-ÍRIS | J93: RUA VILELA TAVARES, 62 | K93: LINS DE VASCONCELOS | L93: 88 | N93: =IFERROR(VLOOKUP(O93,Apoio!A:B,2,0),"") | O93: =IFERROR(VLOOKUP(C93,'[1]TB DIN'!$B:$D,3,0),"AGUARDANDO ANEXO") -> 0 | P93: =IFERROR(VLOOKUP(C93,'[1]TB DIN INCLUIDOS'!$B:$H,3,0),"AGUARDANDO ANEXO") -> 0 | Q93: {=_xlfn.IFS((P93>N93),(N93*2),(P93<=N93),(P93*2))} -> 0 | S93: =IFERROR(VLOOKUP(T93,Apoio!A:B,2,0),"") | T93: =IFERROR(VLOOKUP(C93,'[1]TB DIN'!$B:$H,4,0),"AGUARDANDO ANEXO") -> 0 | U93: =IFERROR(VLOOKUP(C93,'[1]TB DIN INCLUIDOS'!$B:$H,4,0),"AGUARDANDO ANEXO") -> 0 | V93: {=_xlfn.IFS((U93>S93),(S93*2),(U93<=S93),(U93*2))} -> 0 | X93: =IFERROR(VLOOKUP(Y93,Apoio!A:B,2,0),"") -> 2 | Y93: =IFERROR(VLOOKUP(C93,'[1]TB DIN'!$B:$H,5,0),"AGUARDANDO ANEXO") -> 46 | Z93: =IFERROR(VLOOKUP(C93,'[1]TB DIN INCLUIDOS'!$B:$H,5,0),"AGUARDANDO ANEXO") -> 0 | AA93: {=_xlfn.IFS((Z93>X93),(X93*2),(Z93<=X93),(Z93*2))} -> 0 | AC93: =IFERROR(VLOOKUP(AD93,Apoio!A:B,2,0),"") -> 2 | AD93: 36 | AE93: 2 | AF93: {=_xlfn.IFS((AE93>AC93),(AC93*2),(AE93<=AC93),(AE93*2))} -> 4 | AH93: =SUM(O93,T93,Y93,AD93) -> 82 | AI93: =SUM(P93,U93,Z93,AE93) -> 2 | AJ93: =SUM(Q93,V93,AA93,AF93) -> 4 | AK93: =IF(L93-AH93-Q93-V93-AA93-AF93>0,L93-AH93-Q93-V93-AA93-AF93,0) -> 2 | AL93: =IF(L93-O93-Q93-T93-V93-Y93-AA93-AD93-AF93<0,L93-O93-Q93-T93-V93-Y93-AA93-AD93-AF93,0) -> 0 | AM93: manutenção | AN93: =VLOOKUP(C93,'[2]MARÇO-2024'!$B:$M,12,0) -> 83 | AO93: =AN93-AH93 -> 1 | AP93: =IF(AH93>L93,"Qt de aluno maior que a meta","")
A94: 3 | B94: 32 | C94: 3032 | D94: 33191948 | E94: 42313700000186 | F94: 031061 | G94: CP NÚCLEO RECREATIVO RAIOZINHO DE SOL | H94: NÚCLEO RECREATIVO RAIOZINHO DE SOL | I94: VENERÁVEL IRMANDADE DE PILARES | J94: AV. DOM HELDER CÂMARA, 6653 | K94: PILARES | L94: 34 | N94: =IFERROR(VLOOKUP(O94,Apoio!A:B,2,0),"") | O94: =IFERROR(VLOOKUP(C94,'[1]TB DIN'!$B:$D,3,0),"AGUARDANDO ANEXO") -> 0 | P94: =IFERROR(VLOOKUP(C94,'[1]TB DIN INCLUIDOS'!$B:$H,3,0),"AGUARDANDO ANEXO") -> 0 | Q94: {=_xlfn.IFS((P94>N94),(N94*2),(P94<=N94),(P94*2))} -> 0 | S94: =IFERROR(VLOOKUP(T94,Apoio!A:B,2,0),"") | T94: =IFERROR(VLOOKUP(C94,'[1]TB DIN'!$B:$H,4,0),"AGUARDANDO ANEXO") -> 0 | U94: =IFERROR(VLOOKUP(C94,'[1]TB DIN INCLUIDOS'!$B:$H,4,0),"AGUARDANDO ANEXO") -> 0 | V94: {=_xlfn.IFS((U94>S94),(S94*2),(U94<=S94),(U94*2))} -> 0 | X94: =IFERROR(VLOOKUP(Y94,Apoio!A:B,2,0),"") -> 1 | Y94: =IFERROR(VLOOKUP(C94,'[1]TB DIN'!$B:$H,5,0),"AGUARDANDO ANEXO") -> 13 | Z94: =IFERROR(VLOOKUP(C94,'[1]TB DIN INCLUIDOS'!$B:$H,5,0),"AGUARDANDO ANEXO") -> 1 | AA94: {=_xlfn.IFS((Z94>X94),(X94*2),(Z94<=X94),(Z94*2))} -> 2 | AC94: =IFERROR(VLOOKUP(AD94,Apoio!A:B,2,0),"") -> 1 | AD94: =IFERROR(VLOOKUP(C94,'[1]TB DIN'!$B:$H,6,0),"AGUARDANDO ANEXO") -> 18 | AE94: =IFERROR(VLOOKUP(C94,'[1]TB DIN INCLUIDOS'!$B:$H,6,0),"AGUARDANDO ANEXO") -> 2 | AF94: {=_xlfn.IFS((AE94>AC94),(AC94*2),(AE94<=AC94),(AE94*2))} -> 2 | AH94: =SUM(O94,T94,Y94,AD94) -> 31 | AI94: =SUM(P94,U94,Z94,AE94) -> 3 | AJ94: =SUM(Q94,V94,AA94,AF94) -> 4 | AK94: =IF(L94-AH94-Q94-V94-AA94-AF94>0,L94-AH94-Q94-V94-AA94-AF94,0) -> 0 | AL94: =IF(L94-O94-Q94-T94-V94-Y94-AA94-AD94-AF94<0,L94-O94-Q94-T94-V94-Y94-AA94-AD94-AF94,0) -> -1 | AM94: manutenção | AN94: =VLOOKUP(C94,'[2]MARÇO-2024'!$B:$M,12,0) -> 30 | AO94: =AN94-AH94 -> -1 | AP94: =IF(AH94>L94,"Qt de aluno maior que a meta","")
A95: 3 | B95: 33 | C95: 3033 | D95: 33191964 | E95: 35353173000178 | F95: 030133 | G95: CP INSTITUTO EDUCACIONAL T & P CONQUISTA | H95: INSTITUTO EDUCACIONAL T & P CONQUISTA | I95: INSTITUTO EDUCACIONAL T&P CONQUISTA | J95: RUA VILELA TAVARES, 356 | K95: LINS DE VASCONCELOS | L95: 200 | N95: =IFERROR(VLOOKUP(O95,Apoio!A:B,2,0),"") | O95: =IFERROR(VLOOKUP(C95,'[1]TB DIN'!$B:$D,3,0),"AGUARDANDO ANEXO") -> 0 | P95: =IFERROR(VLOOKUP(C95,'[1]TB DIN INCLUIDOS'!$B:$H,3,0),"AGUARDANDO ANEXO") -> 0 | Q95: {=_xlfn.IFS((P95>N95),(N95*2),(P95<=N95),(P95*2))} -> 0 | S95: =IFERROR(VLOOKUP(T95,Apoio!A:B,2,0),"") -> 3 | T95: =IFERROR(VLOOKUP(C95,'[1]TB DIN'!$B:$H,4,0),"AGUARDANDO ANEXO") -> 60 | U95: =IFERROR(VLOOKUP(C95,'[1]TB DIN INCLUIDOS'!$B:$H,4,0),"AGUARDANDO ANEXO") -> 0 | V95: {=_xlfn.IFS((U95>S95),(S95*2),(U95<=S95),(U95*2))} -> 0 | X95: =IFERROR(VLOOKUP(Y95,Apoio!A:B,2,0),"") -> 3 | Y95: =IFERROR(VLOOKUP(C95,'[1]TB DIN'!$B:$H,5,0),"AGUARDANDO ANEXO") -> 66 | Z95: =IFERROR(VLOOKUP(C95,'[1]TB DIN INCLUIDOS'!$B:$H,5,0),"AGUARDANDO ANEXO") -> 0 | AA95: {=_xlfn.IFS((Z95>X95),(X95*2),(Z95<=X95),(Z95*2))} -> 0 | AC95: =IFERROR(VLOOKUP(AD95,Apoio!A:B,2,0),"") -> 3 | AD95: =IFERROR(VLOOKUP(C95,'[1]TB DIN'!$B:$H,6,0),"AGUARDANDO ANEXO") -> 74 | AE95: =IFERROR(VLOOKUP(C95,'[1]TB DIN INCLUIDOS'!$B:$H,6,0),"AGUARDANDO ANEXO") -> 0 | AF95: {=_xlfn.IFS((AE95>AC95),(AC95*2),(AE95<=AC95),(AE95*2))} -> 0 | AH95: =SUM(O95,T95,Y95,AD95) -> 200 | AI95: =SUM(P95,U95,Z95,AE95) -> 0 | AJ95: =SUM(Q95,V95,AA95,AF95) -> 0 | AK95: =IF(L95-AH95-Q95-V95-AA95-AF95>0,L95-AH95-Q95-V95-AA95-AF95,0) -> 0 | AL95: =IF(L95-O95-Q95-T95-V95-Y95-AA95-AD95-AF95<0,L95-O95-Q95-T95-V95-Y95-AA95-AD95-AF95,0) -> 0 | AM95: manutenção | AN95: =VLOOKUP(C95,'[2]MARÇO-2024'!$B:$M,12,0) -> 199 | AO95: =AN95-AH95 -> -1 | AP95: =IF(AH95>L95,"Qt de aluno maior que a meta","")
A96: 3 | B96: 34 | C96: 3034 | D96: 33369208 | E96: 05492399000199 | F96: 030469 | G96: CP CRECHE RISCO E RABISCO | H96: CRECHE RISCO E RABISCO | I96: CENTRO CULTURAL RISCO E RABISCO | J96: RUA MARIA BENJAMIN, Nº 485 | K96: PILARES | L96: 100 | N96: =IFERROR(VLOOKUP(O96,Apoio!A:B,2,0),"") | O96: =IFERROR(VLOOKUP(C96,'[1]TB DIN'!$B:$D,3,0),"AGUARDANDO ANEXO") -> 0 | P96: =IFERROR(VLOOKUP(C96,'[1]TB DIN INCLUIDOS'!$B:$H,3,0),"AGUARDANDO ANEXO") -> 0 | Q96: {=_xlfn.IFS((P96>N96),(N96*2),(P96<=N96),(P96*2))} -> 0 | S96: =IFERROR(VLOOKUP(T96,Apoio!A:B,2,0),"") | T96: =IFERROR(VLOOKUP(C96,'[1]TB DIN'!$B:$H,4,0),"AGUARDANDO ANEXO") -> 0 | U96: =IFERROR(VLOOKUP(C96,'[1]TB DIN INCLUIDOS'!$B:$H,4,0),"AGUARDANDO ANEXO") -> 0 | V96: {=_xlfn.IFS((U96>S96),(S96*2),(U96<=S96),(U96*2))} -> 0 | X96: =IFERROR(VLOOKUP(Y96,Apoio!A:B,2,0),"") -> 2 | Y96: =IFERROR(VLOOKUP(C96,'[1]TB DIN'!$B:$H,5,0),"AGUARDANDO ANEXO") -> 47 | Z96: =IFERROR(VLOOKUP(C96,'[1]TB DIN INCLUIDOS'!$B:$H,5,0),"AGUARDANDO ANEXO") -> 2 | AA96: {=_xlfn.IFS((Z96>X96),(X96*2),(Z96<=X96),(Z96*2))} -> 4 | AC96: =IFERROR(VLOOKUP(AD96,Apoio!A:B,2,0),"") -> 2 | AD96: =IFERROR(VLOOKUP(C96,'[1]TB DIN'!$B:$H,6,0),"AGUARDANDO ANEXO") -> 47 | AE96: =IFERROR(VLOOKUP(C96,'[1]TB DIN INCLUIDOS'!$B:$H,6,0),"AGUARDANDO ANEXO") -> 1 | AF96: {=_xlfn.IFS((AE96>AC96),(AC96*2),(AE96<=AC96),(AE96*2))} -> 2 | AH96: =SUM(O96,T96,Y96,AD96) -> 94 | AI96: =SUM(P96,U96,Z96,AE96) -> 3 | AJ96: =SUM(Q96,V96,AA96,AF96) -> 6 | AK96: =IF(L96-AH96-Q96-V96-AA96-AF96>0,L96-AH96-Q96-V96-AA96-AF96,0) -> 0 | AL96: =IF(L96-O96-Q96-T96-V96-Y96-AA96-AD96-AF96<0,L96-O96-Q96-T96-V96-Y96-AA96-AD96-AF96,0) -> 0 | AM96: manutenção c/ aumento de meta | AN96: =VLOOKUP(C96,'[2]MARÇO-2024'!$B:$M,12,0) -> 95 | AO96: =AN96-AH96 -> 1 | AP96: =IF(AH96>L96,"Qt de aluno maior que a meta","")
A97: 3 | B97: 35 | C97: 3035 | D97: 33191972 | E97: 42028428000192 | F97: 030172 | G97: CP CENTRO EDUCACIONAL SÃO VICENTE DE PAULO | H97: CENTRO EDUCACIONAL SÃO VICENTE DE PAULO | I97: CASA CARITATIVA SÃO VICENTE DE PAULO | J97: RUA ANTÔNIO AUSTREGÉSILO, 90 | K97: INHAÚMA | L97: 67 | N97: =IFERROR(VLOOKUP(O97,Apoio!A:B,2,0),"") | O97: =IFERROR(VLOOKUP(C97,'[1]TB DIN'!$B:$D,3,0),"AGUARDANDO ANEXO") -> 0 | P97: =IFERROR(VLOOKUP(C97,'[1]TB DIN INCLUIDOS'!$B:$H,3,0),"AGUARDANDO ANEXO") -> 0 | Q97: {=_xlfn.IFS((P97>N97),(N97*2),(P97<=N97),(P97*2))} -> 0 | S97: =IFERROR(VLOOKUP(T97,Apoio!A:B,2,0),"") | T97: =IFERROR(VLOOKUP(C97,'[1]TB DIN'!$B:$H,4,0),"AGUARDANDO ANEXO") -> 0 | U97: =IFERROR(VLOOKUP(C97,'[1]TB DIN INCLUIDOS'!$B:$H,4,0),"AGUARDANDO ANEXO") -> 0 | V97: {=_xlfn.IFS((U97>S97),(S97*2),(U97<=S97),(U97*2))} -> 0 | X97: =IFERROR(VLOOKUP(Y97,Apoio!A:B,2,0),"") -> 2 | Y97: 30 | Z97: =IFERROR(VLOOKUP(C97,'[1]TB DIN INCLUIDOS'!$B:$H,5,0),"AGUARDANDO ANEXO") -> 0 | AA97: {=_xlfn.IFS((Z97>X97),(X97*2),(Z97<=X97),(Z97*2))} -> 0 | AC97: =IFERROR(VLOOKUP(AD97,Apoio!A:B,2,0),"") -> 2 | AD97: =IFERROR(VLOOKUP(C97,'[1]TB DIN'!$B:$H,6,0),"AGUARDANDO ANEXO") -> 35 | AE97: =IFERROR(VLOOKUP(C97,'[1]TB DIN INCLUIDOS'!$B:$H,6,0),"AGUARDANDO ANEXO") -> 1 | AF97: {=_xlfn.IFS((AE97>AC97),(AC97*2),(AE97<=AC97),(AE97*2))} -> 2 | AH97: =SUM(O97,T97,Y97,AD97) -> 65 | AI97: =SUM(P97,U97,Z97,AE97) -> 1 | AJ97: =SUM(Q97,V97,AA97,AF97) -> 2 | AK97: =IF(L97-AH97-Q97-V97-AA97-AF97>0,L97-AH97-Q97-V97-AA97-AF97,0) -> 0 | AL97: =IF(L97-O97-Q97-T97-V97-Y97-AA97-AD97-AF97<0,L97-O97-Q97-T97-V97-Y97-AA97-AD97-AF97,0) -> 0 | AM97: manutenção | AN97: =VLOOKUP(C97,'[2]MARÇO-2024'!$B:$M,12,0) -> 66 | AO97: =AN97-AH97 -> 1 | AP97: =IF(AH97>L97,"Qt de aluno maior que a meta","")
A98: 3 | B98: 36 | C98: 3036 | D98: 33195226 | E98: 46927499000188 | F98: 039241 | G98: CP CENTRO CULTURAL EVOLUIR | H98: CENTRO CULTURAL EVOLUIR | I98: CENTRO CULTURAL EVOLUIR | J98: RUA SILVA ROSA, 286 | K98: MARIA DA GRAÇA | L98: 147 | N98: =IFERROR(VLOOKUP(O98,Apoio!A:B,2,0),"") | O98: =IFERROR(VLOOKUP(C98,'[1]TB DIN'!$B:$D,3,0),"AGUARDANDO ANEXO") -> 0 | P98: =IFERROR(VLOOKUP(C98,'[1]TB DIN INCLUIDOS'!$B:$H,3,0),"AGUARDANDO ANEXO") -> 0 | Q98: {=_xlfn.IFS((P98>N98),(N98*2),(P98<=N98),(P98*2))} -> 0 | S98: =IFERROR(VLOOKUP(T98,Apoio!A:B,2,0),"") -> 2 | T98: 35 | U98: =IFERROR(VLOOKUP(C98,'[1]TB DIN INCLUIDOS'!$B:$H,4,0),"AGUARDANDO ANEXO") -> 0 | V98: {=_xlfn.IFS((U98>S98),(S98*2),(U98<=S98),(U98*2))} -> 0 | X98: =IFERROR(VLOOKUP(Y98,Apoio!A:B,2,0),"") -> 2 | Y98: 44 | Z98: 1 | AA98: {=_xlfn.IFS((Z98>X98),(X98*2),(Z98<=X98),(Z98*2))} -> 2 | AC98: =IFERROR(VLOOKUP(AD98,Apoio!A:B,2,0),"") -> 3 | AD98: 62 | AE98: =IFERROR(VLOOKUP(C98,'[1]TB DIN INCLUIDOS'!$B:$H,6,0),"AGUARDANDO ANEXO") -> 2 | AF98: {=_xlfn.IFS((AE98>AC98),(AC98*2),(AE98<=AC98),(AE98*2))} -> 4 | AH98: =SUM(O98,T98,Y98,AD98) -> 141 | AI98: =SUM(P98,U98,Z98,AE98) -> 3 | AJ98: =SUM(Q98,V98,AA98,AF98) -> 6 | AK98: =IF(L98-AH98-Q98-V98-AA98-AF98>0,L98-AH98-Q98-V98-AA98-AF98,0) -> 0 | AL98: =IF(L98-O98-Q98-T98-V98-Y98-AA98-AD98-AF98<0,L98-O98-Q98-T98-V98-Y98-AA98-AD98-AF98,0) -> 0 | AM98: manutenção | AN98: =VLOOKUP(C98,'[2]MARÇO-2024'!$B:$M,12,0) -> 144 | AO98: =AN98-AH98 -> 3 | AP98: =IF(AH98>L98,"Qt de aluno maior que a meta","")
A99: 3 | B99: 37 | C99: 3037 | D99: 33194777 | E99: 31601644000169 | F99: 030171 | G99: CP CRECHE FRUTOS DO AMANHÃ I | H99: CRECHE FRUTOS DO AMANHÃ I | I99: INTITUTO CULTURAL E SOCIAL | J99: RUA PADRE JANUÁRIO, 161 | K99: INHAÚMA | L99: 180 | N99: =IFERROR(VLOOKUP(O99,Apoio!A:B,2,0),"") | O99: =IFERROR(VLOOKUP(C99,'[1]TB DIN'!$B:$D,3,0),"AGUARDANDO ANEXO") -> 0 | P99: =IFERROR(VLOOKUP(C99,'[1]TB DIN INCLUIDOS'!$B:$H,3,0),"AGUARDANDO ANEXO") -> 0 | Q99: {=_xlfn.IFS((P99>N99),(N99*2),(P99<=N99),(P99*2))} -> 0 | S99: =IFERROR(VLOOKUP(T99,Apoio!A:B,2,0),"") -> 1 | T99: =IFERROR(VLOOKUP(C99,'[1]TB DIN'!$B:$H,4,0),"AGUARDANDO ANEXO") -> 18 | U99: =IFERROR(VLOOKUP(C99,'[1]TB DIN INCLUIDOS'!$B:$H,4,0),"AGUARDANDO ANEXO") -> 0 | V99: {=_xlfn.IFS((U99>S99),(S99*2),(U99<=S99),(U99*2))} -> 0 | X99: =IFERROR(VLOOKUP(Y99,Apoio!A:B,2,0),"") -> 3 | Y99: 62 | Z99: =IFERROR(VLOOKUP(C99,'[1]TB DIN INCLUIDOS'!$B:$H,5,0),"AGUARDANDO ANEXO") -> 0 | AA99: {=_xlfn.IFS((Z99>X99),(X99*2),(Z99<=X99),(Z99*2))} -> 0 | AC99: =IFERROR(VLOOKUP(AD99,Apoio!A:B,2,0),"") -> 4 | AD99: =IFERROR(VLOOKUP(C99,'[1]TB DIN'!$B:$H,6,0),"AGUARDANDO ANEXO") -> 98 | AE99: =IFERROR(VLOOKUP(C99,'[1]TB DIN INCLUIDOS'!$B:$H,6,0),"AGUARDANDO ANEXO") -> 3 | AF99: {=_xlfn.IFS((AE99>AC99),(AC99*2),(AE99<=AC99),(AE99*2))} -> 6 | AH99: =SUM(O99,T99,Y99,AD99) -> 178 | AI99: =SUM(P99,U99,Z99,AE99) -> 3 | AJ99: =SUM(Q99,V99,AA99,AF99) -> 6 | AK99: =IF(L99-AH99-Q99-V99-AA99-AF99>0,L99-AH99-Q99-V99-AA99-AF99,0) -> 0 | AL99: =IF(L99-O99-Q99-T99-V99-Y99-AA99-AD99-AF99<0,L99-O99-Q99-T99-V99-Y99-AA99-AD99-AF99,0) -> -4 | AM99: manutenção | AN99: =VLOOKUP(C99,'[2]MARÇO-2024'!$B:$M,12,0) -> 177 | AO99: =AN99-AH99 -> -1 | AP99: =IF(AH99>L99,"Qt de aluno maior que a meta","")
A100: 3 | B100: 38 | C100: 3038 | D100: 33194769 | E100: 31601644000169 | F100: 031171 | G100: CP CRECHE FRUTOS DO AMANHÃ II | H100: CRECHE FRUTOS DO AMANHÃ II | I100: INTITUTO CULTURAL E SOCIAL | J100: ESTRADA ADHEMAR BEBIANO, Nº 3805 | K100: ENGENHO DA RAINHA | L100: 163 | N100: =IFERROR(VLOOKUP(O100,Apoio!A:B,2,0),"") | O100: =IFERROR(VLOOKUP(C100,'[1]TB DIN'!$B:$D,3,0),"AGUARDANDO ANEXO") -> 0 | P100: =IFERROR(VLOOKUP(C100,'[1]TB DIN INCLUIDOS'!$B:$H,3,0),"AGUARDANDO ANEXO") -> 0 | Q100: {=_xlfn.IFS((P100>N100),(N100*2),(P100<=N100),(P100*2))} -> 0 | S100: =IFERROR(VLOOKUP(T100,Apoio!A:B,2,0),"") | T100: =IFERROR(VLOOKUP(C100,'[1]TB DIN'!$B:$H,4,0),"AGUARDANDO ANEXO") -> 0 | U100: =IFERROR(VLOOKUP(C100,'[1]TB DIN INCLUIDOS'!$B:$H,4,0),"AGUARDANDO ANEXO") -> 0 | V100: {=_xlfn.IFS((U100>S100),(S100*2),(U100<=S100),(U100*2))} -> 0 | X100: =IFERROR(VLOOKUP(Y100,Apoio!A:B,2,0),"") -> 4 | Y100: 90 | Z100: =IFERROR(VLOOKUP(C100,'[1]TB DIN INCLUIDOS'!$B:$H,5,0),"AGUARDANDO ANEXO") -> 2 | AA100: {=_xlfn.IFS((Z100>X100),(X100*2),(Z100<=X100),(Z100*2))} -> 4 | AC100: =IFERROR(VLOOKUP(AD100,Apoio!A:B,2,0),"") -> 3 | AD100: 69 | AE100: =IFERROR(VLOOKUP(C100,'[1]TB DIN INCLUIDOS'!$B:$H,6,0),"AGUARDANDO ANEXO") -> 2 | AF100: {=_xlfn.IFS((AE100>AC100),(AC100*2),(AE100<=AC100),(AE100*2))} -> 4 | AH100: =SUM(O100,T100,Y100,AD100) -> 159 | AI100: =SUM(P100,U100,Z100,AE100) -> 4 | AJ100: =SUM(Q100,V100,AA100,AF100) -> 8 | AK100: =IF(L100-AH100-Q100-V100-AA100-AF100>0,L100-AH100-Q100-V100-AA100-AF100,0) -> 0 | AL100: =IF(L100-O100-Q100-T100-V100-Y100-AA100-AD100-AF100<0,L100-O100-Q100-T100-V100-Y100-AA100-AD100-AF100,0) -> -4 | AM100: manutenção c/ aumento de meta | AN100: =VLOOKUP(C100,'[2]MARÇO-2024'!$B:$M,12,0) -> 161 | AO100: =AN100-AH100 -> 2 | AP100: =IF(AH100>L100,"Qt de aluno maior que a meta","")
...
